date,track_name,artist_name,uri,link,uri_real,danceability,energy,key,loudness,speechiness,acousticness,instrumentalness,liveness,valence,tempo,duration_ms
"August 28, 2022 at 08:06AM",Under Control,The Strokes,3kKb3U3a8jmUJQB9ypE1Jl,https://open.spotify.com/track/3kKb3U3a8jmUJQB9ypE1Jl,spotify:track:3kKb3U3a8jmUJQB9ypE1Jl,0.406,0.72,1,-4.647,0.0291,0.354,0.795,0.0541,0.641,91.336,187307
"August 28, 2022 at 08:08AM",The Way It Is,The Strokes,5MZBOcqI3Vpvp2PZy6ddyD,https://open.spotify.com/track/5MZBOcqI3Vpvp2PZy6ddyD,spotify:track:5MZBOcqI3Vpvp2PZy6ddyD,0.482,0.95,11,-2.593,0.0495,0.000214,0.883,0.0938,0.856,137.074,141733
"August 28, 2022 at 08:11AM",The End Has No End,The Strokes,0dy6iXYIF0piirySAzCBwF,https://open.spotify.com/track/0dy6iXYIF0piirySAzCBwF,spotify:track:0dy6iXYIF0piirySAzCBwF,0.531,0.66,1,-3.725,0.0335,0.000833,0.855,0.226,0.533,136.027,185560
"August 28, 2022 at 08:14AM",I Can't Win,The Strokes,7eX5SypK35V8Y9d9pS6rWy,https://open.spotify.com/track/7eX5SypK35V8Y9d9pS6rWy,spotify:track:7eX5SypK35V8Y9d9pS6rWy,0.472,0.746,11,-4.816,0.0321,0.00581,0.663,0.0999,0.403,97.44,162040
"August 28, 2022 at 08:18AM",You Only Live Once,The Strokes,4fPBB44eDH71YohayI4eKV,https://open.spotify.com/track/4fPBB44eDH71YohayI4eKV,spotify:track:4fPBB44eDH71YohayI4eKV,0.63,0.908,11,-2.42,0.0326,0.0238,0.592,0.116,0.968,120.522,189227
"August 28, 2022 at 10:25PM",Do You Wanna Do Nothing with Me?,Lawrence,2M7UdnD0fEaryh8TnCvqFX,https://open.spotify.com/track/2M7UdnD0fEaryh8TnCvqFX,spotify:track:2M7UdnD0fEaryh8TnCvqFX,0.548,0.611,1,-9.0,0.131,0.17,0.00247,0.0762,0.725,201.985,251853
"August 28, 2022 at 10:29PM",Misty Morning,Lawrence,6LqZFfv4fUP7va14Y6VW9a,https://open.spotify.com/track/6LqZFfv4fUP7va14Y6VW9a,spotify:track:6LqZFfv4fUP7va14Y6VW9a,0.63,0.387,0,-10.009,0.114,0.429,0.00112,0.112,0.412,167.845,252027
"August 28, 2022 at 10:34PM",Probably Up,Lawrence,13HalBseZHAT19C6jWs1Ma,https://open.spotify.com/track/13HalBseZHAT19C6jWs1Ma,spotify:track:13HalBseZHAT19C6jWs1Ma,0.735,0.609,10,-5.574,0.0557,0.338,3.11e-05,0.381,0.704,95.489,254653
"August 28, 2022 at 10:38PM",So Damn Fast,Lawrence,04VtzZ6KCEZLoEomgVR4ln,https://open.spotify.com/track/04VtzZ6KCEZLoEomgVR4ln,spotify:track:04VtzZ6KCEZLoEomgVR4ln,0.499,0.521,9,-7.921,0.0396,0.517,0.0,0.127,0.39,73.201,284773
"August 28, 2022 at 10:41PM",Casualty,Lawrence,6nwxT0W6u4JYDGK5iyBOYt,https://open.spotify.com/track/6nwxT0W6u4JYDGK5iyBOYt,spotify:track:6nwxT0W6u4JYDGK5iyBOYt,0.34,0.643,0,-4.665,0.0813,0.0617,1.21e-05,0.124,0.667,92.228,143893
"August 28, 2022 at 10:43PM",Me & You,Lawrence,1v6bHfpBDaWD6tq8EE8AYG,https://open.spotify.com/track/1v6bHfpBDaWD6tq8EE8AYG,spotify:track:1v6bHfpBDaWD6tq8EE8AYG,0.319,0.752,7,-5.607,0.183,0.524,4.71e-05,0.396,0.885,195.361,204480
"August 28, 2022 at 08:29AM",Never Never,The Libertines,67ro5CI8btmAJsYfYKvM29,https://open.spotify.com/track/67ro5CI8btmAJsYfYKvM29,spotify:track:67ro5CI8btmAJsYfYKvM29,0.688,0.802,11,-4.321,0.0683,0.000384,0.0008,0.0652,0.649,111.63,147133
"August 29, 2022 at 03:37PM",Leaning On You,HAIM,6pp50upMirG815dEShJG7H,https://open.spotify.com/track/6pp50upMirG815dEShJG7H,spotify:track:6pp50upMirG815dEShJG7H,0.662,0.575,7,-8.342,0.0321,0.567,0.000979,0.101,0.636,94.001,201440
"August 29, 2022 at 03:47PM",Don't Wanna,HAIM,2GfQSB0wEEWYX4a2Go645R,https://open.spotify.com/track/2GfQSB0wEEWYX4a2Go645R,spotify:track:2GfQSB0wEEWYX4a2Go645R,0.762,0.498,8,-5.294,0.0481,0.161,9.55e-06,0.172,0.871,107.049,201787
"August 30, 2022 at 11:39AM",There’d Better Be A Mirrorball,Arctic Monkeys,0yowbJnnbTLpr99f9l1uba,https://open.spotify.com/track/0yowbJnnbTLpr99f9l1uba,spotify:track:0yowbJnnbTLpr99f9l1uba,0.513,0.369,3,-10.899,0.0307,0.634,0.0139,0.186,0.311,72.062,265798
"August 30, 2022 at 11:42AM",Snap Out Of It,Arctic Monkeys,0NdTUS4UiNYCNn5FgVqKQY,https://open.spotify.com/track/0NdTUS4UiNYCNn5FgVqKQY,spotify:track:0NdTUS4UiNYCNn5FgVqKQY,0.728,0.638,5,-6.455,0.0336,0.249,0.0,0.116,0.872,130.014,193030
"August 30, 2022 at 11:46AM",Black Summer,Red Hot Chili Peppers,2a5cbTg2UIi784t9E2wT35,https://open.spotify.com/track/2a5cbTg2UIi784t9E2wT35,spotify:track:2a5cbTg2UIi784t9E2wT35,0.417,0.682,1,-5.071,0.0295,0.0267,0.000669,0.109,0.351,105.542,232412
"August 30, 2022 at 11:50AM",Here Ever After,Red Hot Chili Peppers,0zckHMfaB6vT5o23ZVBLHJ,https://open.spotify.com/track/0zckHMfaB6vT5o23ZVBLHJ,spotify:track:0zckHMfaB6vT5o23ZVBLHJ,0.738,0.974,7,-4.185,0.0961,0.0117,0.819,0.131,0.554,120.037,230343
"August 30, 2022 at 11:54AM",Aquatic Mouth Dance,Red Hot Chili Peppers,38Ow67MO6ScViFHK1j2qgN,https://open.spotify.com/track/38Ow67MO6ScViFHK1j2qgN,spotify:track:38Ow67MO6ScViFHK1j2qgN,0.671,0.884,5,-4.987,0.07,0.00413,0.0186,0.147,0.811,99.631,260792
"August 30, 2022 at 11:59AM",Not the One,Red Hot Chili Peppers,2Uze78n7BgWsV91bUMtflX,https://open.spotify.com/track/2Uze78n7BgWsV91bUMtflX,spotify:track:2Uze78n7BgWsV91bUMtflX,0.597,0.472,7,-7.674,0.0318,0.475,0.000126,0.151,0.233,127.503,266326
"August 30, 2022 at 03:44PM",Poster Child,Red Hot Chili Peppers,6LwwlI0IvFTN6DRUDdkkT8,https://open.spotify.com/track/6LwwlI0IvFTN6DRUDdkkT8,spotify:track:6LwwlI0IvFTN6DRUDdkkT8,0.714,0.784,7,-5.423,0.0528,0.0467,0.00824,0.124,0.72,165.229,318422
"August 30, 2022 at 03:49PM",Poster Child,Red Hot Chili Peppers,6LwwlI0IvFTN6DRUDdkkT8,https://open.spotify.com/track/6LwwlI0IvFTN6DRUDdkkT8,spotify:track:6LwwlI0IvFTN6DRUDdkkT8,0.714,0.784,7,-5.423,0.0528,0.0467,0.00824,0.124,0.72,165.229,318422
"August 30, 2022 at 03:54PM",The Great Apes,Red Hot Chili Peppers,5Ek9NwB6PD3QNCDdSUJK5x,https://open.spotify.com/track/5Ek9NwB6PD3QNCDdSUJK5x,spotify:track:5Ek9NwB6PD3QNCDdSUJK5x,0.528,0.882,9,-5.146,0.0842,0.0196,0.000226,0.146,0.463,140.722,301829
"August 30, 2022 at 04:00PM",It's Only Natural,Red Hot Chili Peppers,2p0W20VwOJpXt323xv8OAJ,https://open.spotify.com/track/2p0W20VwOJpXt323xv8OAJ,spotify:track:2p0W20VwOJpXt323xv8OAJ,0.556,0.64,5,-6.965,0.0412,0.075,0.027,0.321,0.708,185.607,333547
"August 30, 2022 at 04:03PM",She's a Lover,Red Hot Chili Peppers,4c4TCbToFf6X8CncWJuHa3,https://open.spotify.com/track/4c4TCbToFf6X8CncWJuHa3,spotify:track:4c4TCbToFf6X8CncWJuHa3,0.726,0.606,5,-4.727,0.0348,0.00239,0.0065,0.111,0.419,104.724,221093
"August 30, 2022 at 04:07PM",These Are the Ways,Red Hot Chili Peppers,1KtXgVTeu3GUXHrOAef6QQ,https://open.spotify.com/track/1KtXgVTeu3GUXHrOAef6QQ,spotify:track:1KtXgVTeu3GUXHrOAef6QQ,0.42,0.905,9,-5.419,0.0804,0.00016,0.0212,0.253,0.306,127.62,236217
"August 30, 2022 at 04:11PM",Whatchu Thinkin',Red Hot Chili Peppers,37o0LxdGxiF3chjxjwJwBD,https://open.spotify.com/track/37o0LxdGxiF3chjxjwJwBD,spotify:track:37o0LxdGxiF3chjxjwJwBD,0.616,0.582,11,-5.332,0.0702,0.0115,0.00024,0.098,0.829,171.259,220905
"August 30, 2022 at 04:16PM",Bastards of Light,Red Hot Chili Peppers,5oRG4KJFamOaLASrNaL5Zo,https://open.spotify.com/track/5oRG4KJFamOaLASrNaL5Zo,spotify:track:5oRG4KJFamOaLASrNaL5Zo,0.637,0.722,9,-6.836,0.0399,0.0253,1.45e-06,0.0708,0.291,106.665,218933
"August 30, 2022 at 04:27PM",White Braids & Pillow Chair,Red Hot Chili Peppers,62MNMZaNTYWqjsD0Isce0l,https://open.spotify.com/track/62MNMZaNTYWqjsD0Isce0l,spotify:track:62MNMZaNTYWqjsD0Isce0l,0.579,0.61,1,-7.39,0.0315,0.0486,0.107,0.134,0.9,107.657,220523
"August 31, 2022 at 06:30AM",The Great Apes,Red Hot Chili Peppers,5Ek9NwB6PD3QNCDdSUJK5x,https://open.spotify.com/track/5Ek9NwB6PD3QNCDdSUJK5x,spotify:track:5Ek9NwB6PD3QNCDdSUJK5x,0.528,0.882,9,-5.146,0.0842,0.0196,0.000226,0.146,0.463,140.722,301829
"August 31, 2022 at 06:36AM",It's Only Natural,Red Hot Chili Peppers,2p0W20VwOJpXt323xv8OAJ,https://open.spotify.com/track/2p0W20VwOJpXt323xv8OAJ,spotify:track:2p0W20VwOJpXt323xv8OAJ,0.556,0.64,5,-6.965,0.0412,0.075,0.027,0.321,0.708,185.607,333547
"August 31, 2022 at 06:39AM",She's a Lover,Red Hot Chili Peppers,4c4TCbToFf6X8CncWJuHa3,https://open.spotify.com/track/4c4TCbToFf6X8CncWJuHa3,spotify:track:4c4TCbToFf6X8CncWJuHa3,0.726,0.606,5,-4.727,0.0348,0.00239,0.0065,0.111,0.419,104.724,221093
"August 31, 2022 at 06:43AM",These Are the Ways,Red Hot Chili Peppers,1KtXgVTeu3GUXHrOAef6QQ,https://open.spotify.com/track/1KtXgVTeu3GUXHrOAef6QQ,spotify:track:1KtXgVTeu3GUXHrOAef6QQ,0.42,0.905,9,-5.419,0.0804,0.00016,0.0212,0.253,0.306,127.62,236217
"August 31, 2022 at 06:47AM",Whatchu Thinkin',Red Hot Chili Peppers,37o0LxdGxiF3chjxjwJwBD,https://open.spotify.com/track/37o0LxdGxiF3chjxjwJwBD,spotify:track:37o0LxdGxiF3chjxjwJwBD,0.616,0.582,11,-5.332,0.0702,0.0115,0.00024,0.098,0.829,171.259,220905
"August 31, 2022 at 06:51AM",Bastards of Light,Red Hot Chili Peppers,5oRG4KJFamOaLASrNaL5Zo,https://open.spotify.com/track/5oRG4KJFamOaLASrNaL5Zo,spotify:track:5oRG4KJFamOaLASrNaL5Zo,0.637,0.722,9,-6.836,0.0399,0.0253,1.45e-06,0.0708,0.291,106.665,218933
"August 31, 2022 at 06:54AM",White Braids & Pillow Chair,Red Hot Chili Peppers,62MNMZaNTYWqjsD0Isce0l,https://open.spotify.com/track/62MNMZaNTYWqjsD0Isce0l,spotify:track:62MNMZaNTYWqjsD0Isce0l,0.579,0.61,1,-7.39,0.0315,0.0486,0.107,0.134,0.9,107.657,220523
"August 31, 2022 at 07:08AM",One Way Traffic,Red Hot Chili Peppers,6tCe3xmLW5PutAgf6QuuOB,https://open.spotify.com/track/6tCe3xmLW5PutAgf6QuuOB,spotify:track:6tCe3xmLW5PutAgf6QuuOB,0.674,0.893,2,-6.115,0.0396,0.0126,0.000372,0.117,0.152,116.857,250670
"August 31, 2022 at 09:30AM",Automatic Stop,The Strokes,6DUKQUhWqUySYngLXLNwP2,https://open.spotify.com/track/6DUKQUhWqUySYngLXLNwP2,spotify:track:6DUKQUhWqUySYngLXLNwP2,0.675,0.535,1,-6.109,0.0376,0.00329,0.719,0.104,0.914,105.921,207133
"August 31, 2022 at 09:34AM",12:51,The Strokes,6Yu1OL8I0D4vjOzYdsXYGK,https://open.spotify.com/track/6Yu1OL8I0D4vjOzYdsXYGK,spotify:track:6Yu1OL8I0D4vjOzYdsXYGK,0.451,0.889,4,-3.838,0.0379,0.312,0.8,0.558,0.592,145.056,153133
"August 31, 2022 at 09:37AM",You Talk Way Too Much,The Strokes,6lnnaGN20kl0jEYJSxCgU9,https://open.spotify.com/track/6lnnaGN20kl0jEYJSxCgU9,spotify:track:6lnnaGN20kl0jEYJSxCgU9,0.304,0.971,4,-3.226,0.0351,0.0594,0.955,0.0799,0.695,127.856,186267
"August 31, 2022 at 09:40AM",Between Love & Hate,The Strokes,5OmumaYiHYXUsYZPGLFTYJ,https://open.spotify.com/track/5OmumaYiHYXUsYZPGLFTYJ,spotify:track:5OmumaYiHYXUsYZPGLFTYJ,0.455,0.603,9,-4.919,0.0255,6.34e-05,0.53,0.0966,0.539,104.179,196573
"August 31, 2022 at 09:44AM",Meet Me in the Bathroom,The Strokes,08l9WKDuRyGeStQ9ojTlFh,https://open.spotify.com/track/08l9WKDuRyGeStQ9ojTlFh,spotify:track:08l9WKDuRyGeStQ9ojTlFh,0.427,0.941,7,-3.973,0.0336,6.7e-05,0.89,0.0772,0.587,139.956,176160
"August 31, 2022 at 09:47AM",Under Control,The Strokes,3kKb3U3a8jmUJQB9ypE1Jl,https://open.spotify.com/track/3kKb3U3a8jmUJQB9ypE1Jl,spotify:track:3kKb3U3a8jmUJQB9ypE1Jl,0.406,0.72,1,-4.647,0.0291,0.354,0.795,0.0541,0.641,91.336,187307
"August 31, 2022 at 09:50AM",The Way It Is,The Strokes,5MZBOcqI3Vpvp2PZy6ddyD,https://open.spotify.com/track/5MZBOcqI3Vpvp2PZy6ddyD,spotify:track:5MZBOcqI3Vpvp2PZy6ddyD,0.482,0.95,11,-2.593,0.0495,0.000214,0.883,0.0938,0.856,137.074,141733
"August 31, 2022 at 09:54AM",The End Has No End,The Strokes,0dy6iXYIF0piirySAzCBwF,https://open.spotify.com/track/0dy6iXYIF0piirySAzCBwF,spotify:track:0dy6iXYIF0piirySAzCBwF,0.531,0.66,1,-3.725,0.0335,0.000833,0.855,0.226,0.533,136.027,185560
"August 31, 2022 at 09:57AM",I Can't Win,The Strokes,7eX5SypK35V8Y9d9pS6rWy,https://open.spotify.com/track/7eX5SypK35V8Y9d9pS6rWy,spotify:track:7eX5SypK35V8Y9d9pS6rWy,0.472,0.746,11,-4.816,0.0321,0.00581,0.663,0.0999,0.403,97.44,162040
"August 31, 2022 at 10:15AM",You Only Live Once,The Strokes,4fPBB44eDH71YohayI4eKV,https://open.spotify.com/track/4fPBB44eDH71YohayI4eKV,spotify:track:4fPBB44eDH71YohayI4eKV,0.63,0.908,11,-2.42,0.0326,0.0238,0.592,0.116,0.968,120.522,189227
"August 31, 2022 at 03:57PM",Tippa My Tongue,Red Hot Chili Peppers,3s53zBEi1ZU6dJj19eFOxW,https://open.spotify.com/track/3s53zBEi1ZU6dJj19eFOxW,spotify:track:3s53zBEi1ZU6dJj19eFOxW,0.573,0.913,5,-6.52,0.0409,0.00861,0.0273,0.114,0.795,88.418,260810
"August 31, 2022 at 04:02PM",Poster Child,Red Hot Chili Peppers,6LwwlI0IvFTN6DRUDdkkT8,https://open.spotify.com/track/6LwwlI0IvFTN6DRUDdkkT8,spotify:track:6LwwlI0IvFTN6DRUDdkkT8,0.714,0.784,7,-5.423,0.0528,0.0467,0.00824,0.124,0.72,165.229,318422
"August 31, 2022 at 04:08PM",The Great Apes,Red Hot Chili Peppers,5Ek9NwB6PD3QNCDdSUJK5x,https://open.spotify.com/track/5Ek9NwB6PD3QNCDdSUJK5x,spotify:track:5Ek9NwB6PD3QNCDdSUJK5x,0.528,0.882,9,-5.146,0.0842,0.0196,0.000226,0.146,0.463,140.722,301829
"August 31, 2022 at 04:13PM",It's Only Natural,Red Hot Chili Peppers,2p0W20VwOJpXt323xv8OAJ,https://open.spotify.com/track/2p0W20VwOJpXt323xv8OAJ,spotify:track:2p0W20VwOJpXt323xv8OAJ,0.556,0.64,5,-6.965,0.0412,0.075,0.027,0.321,0.708,185.607,333547
"August 31, 2022 at 04:17PM",She's a Lover,Red Hot Chili Peppers,4c4TCbToFf6X8CncWJuHa3,https://open.spotify.com/track/4c4TCbToFf6X8CncWJuHa3,spotify:track:4c4TCbToFf6X8CncWJuHa3,0.726,0.606,5,-4.727,0.0348,0.00239,0.0065,0.111,0.419,104.724,221093
"August 31, 2022 at 04:21PM",These Are the Ways,Red Hot Chili Peppers,1KtXgVTeu3GUXHrOAef6QQ,https://open.spotify.com/track/1KtXgVTeu3GUXHrOAef6QQ,spotify:track:1KtXgVTeu3GUXHrOAef6QQ,0.42,0.905,9,-5.419,0.0804,0.00016,0.0212,0.253,0.306,127.62,236217
"August 31, 2022 at 04:26PM",Whatchu Thinkin',Red Hot Chili Peppers,37o0LxdGxiF3chjxjwJwBD,https://open.spotify.com/track/37o0LxdGxiF3chjxjwJwBD,spotify:track:37o0LxdGxiF3chjxjwJwBD,0.616,0.582,11,-5.332,0.0702,0.0115,0.00024,0.098,0.829,171.259,220905
"August 31, 2022 at 04:39PM",Bastards of Light,Red Hot Chili Peppers,5oRG4KJFamOaLASrNaL5Zo,https://open.spotify.com/track/5oRG4KJFamOaLASrNaL5Zo,spotify:track:5oRG4KJFamOaLASrNaL5Zo,0.637,0.722,9,-6.836,0.0399,0.0253,1.45e-06,0.0708,0.291,106.665,218933
"August 31, 2022 at 08:12PM",Superficial,Lawrence,2nFDM7uMOdPGPz37FluIob,https://open.spotify.com/track/2nFDM7uMOdPGPz37FluIob,spotify:track:2nFDM7uMOdPGPz37FluIob,0.674,0.502,1,-7.603,0.24,0.567,0.0,0.11,0.286,100.212,248027
"August 31, 2022 at 08:25PM",The Heartburn Song,Lawrence,5kuABYhjUZDGilU3H5hQJv,https://open.spotify.com/track/5kuABYhjUZDGilU3H5hQJv,spotify:track:5kuABYhjUZDGilU3H5hQJv,0.672,0.823,10,-5.404,0.0896,0.434,2.23e-06,0.0692,0.729,93.014,251293
"September 1, 2022 at 09:47AM",Funny Thing,Thundercat,1c5CllrZr45UBhWpIqM332,https://open.spotify.com/track/1c5CllrZr45UBhWpIqM332,spotify:track:1c5CllrZr45UBhWpIqM332,0.586,0.893,7,-8.772,0.439,0.827,0.642,0.212,0.65,140.023,116630
"September 1, 2022 at 09:53AM",Poster Child,Red Hot Chili Peppers,6LwwlI0IvFTN6DRUDdkkT8,https://open.spotify.com/track/6LwwlI0IvFTN6DRUDdkkT8,spotify:track:6LwwlI0IvFTN6DRUDdkkT8,0.714,0.784,7,-5.423,0.0528,0.0467,0.00824,0.124,0.72,165.229,318422
"September 1, 2022 at 10:07AM",The Great Apes,Red Hot Chili Peppers,5Ek9NwB6PD3QNCDdSUJK5x,https://open.spotify.com/track/5Ek9NwB6PD3QNCDdSUJK5x,spotify:track:5Ek9NwB6PD3QNCDdSUJK5x,0.528,0.882,9,-5.146,0.0842,0.0196,0.000226,0.146,0.463,140.722,301829
"September 1, 2022 at 02:53PM",Blank Space,Taylor Swift,1u8c2t2Cy7UBoG4ArRcF5g,https://open.spotify.com/track/1u8c2t2Cy7UBoG4ArRcF5g,spotify:track:1u8c2t2Cy7UBoG4ArRcF5g,0.76,0.703,5,-5.412,0.054,0.103,0.0,0.0913,0.57,95.997,231827
"September 1, 2022 at 03:44PM",right where you left me - bonus track,Taylor Swift,3zwMVvkBe2qIKDObWgXw4N,https://open.spotify.com/track/3zwMVvkBe2qIKDObWgXw4N,spotify:track:3zwMVvkBe2qIKDObWgXw4N,0.581,0.619,10,-6.524,0.0282,0.769,0.000106,0.117,0.645,137.915,245027
"September 1, 2022 at 03:47PM",Gasoline (feat. Taylor Swift),HAIM,2bzUVEvpZ7At5cYz1kOLI9,https://open.spotify.com/track/2bzUVEvpZ7At5cYz1kOLI9,spotify:track:2bzUVEvpZ7At5cYz1kOLI9,0.658,0.717,1,-4.257,0.0633,0.0846,0.0022,0.12,0.595,133.074,193373
"September 1, 2022 at 03:51PM",cardigan,Taylor Swift,4R2kfaDFhslZEMJqAFNpdd,https://open.spotify.com/track/4R2kfaDFhslZEMJqAFNpdd,spotify:track:4R2kfaDFhslZEMJqAFNpdd,0.613,0.581,0,-8.588,0.0424,0.537,0.000345,0.25,0.551,130.033,239560
"September 1, 2022 at 03:54PM",Cruel Summer,Taylor Swift,1BxfuPKGuaTgP7aM0Bbdwr,https://open.spotify.com/track/1BxfuPKGuaTgP7aM0Bbdwr,spotify:track:1BxfuPKGuaTgP7aM0Bbdwr,0.552,0.702,9,-5.707,0.157,0.117,2.06e-05,0.105,0.564,169.994,178427
"September 1, 2022 at 04:04PM",Getaway Car,Taylor Swift,0VE4kBnHJUgtMf0dy6DRmW,https://open.spotify.com/track/0VE4kBnHJUgtMf0dy6DRmW,spotify:track:0VE4kBnHJUgtMf0dy6DRmW,0.562,0.689,2,-6.745,0.127,0.00465,2.23e-06,0.0888,0.351,172.054,233627
"September 1, 2022 at 08:18PM",Getaway Car,Taylor Swift,0VE4kBnHJUgtMf0dy6DRmW,https://open.spotify.com/track/0VE4kBnHJUgtMf0dy6DRmW,spotify:track:0VE4kBnHJUgtMf0dy6DRmW,0.562,0.689,2,-6.745,0.127,0.00465,2.23e-06,0.0888,0.351,172.054,233627
"September 1, 2022 at 08:22PM",Gasoline (feat. Taylor Swift),HAIM,2bzUVEvpZ7At5cYz1kOLI9,https://open.spotify.com/track/2bzUVEvpZ7At5cYz1kOLI9,spotify:track:2bzUVEvpZ7At5cYz1kOLI9,0.658,0.717,1,-4.257,0.0633,0.0846,0.0022,0.12,0.595,133.074,193373
"September 1, 2022 at 08:26PM",Delicate,Taylor Swift,6NFyWDv5CjfwuzoCkw47Xf,https://open.spotify.com/track/6NFyWDv5CjfwuzoCkw47Xf,spotify:track:6NFyWDv5CjfwuzoCkw47Xf,0.75,0.404,9,-10.178,0.0682,0.216,0.000357,0.0911,0.0499,95.045,232253
"September 1, 2022 at 08:30PM",Gorgeous,Taylor Swift,1ZY1PqizIl78geGM4xWlEA,https://open.spotify.com/track/1ZY1PqizIl78geGM4xWlEA,spotify:track:1ZY1PqizIl78geGM4xWlEA,0.8,0.535,7,-6.684,0.135,0.0713,9.48e-06,0.213,0.451,92.027,209680
"September 1, 2022 at 08:33PM",Getaway Car,Taylor Swift,0VE4kBnHJUgtMf0dy6DRmW,https://open.spotify.com/track/0VE4kBnHJUgtMf0dy6DRmW,spotify:track:0VE4kBnHJUgtMf0dy6DRmW,0.562,0.689,2,-6.745,0.127,0.00465,2.23e-06,0.0888,0.351,172.054,233627
"September 1, 2022 at 08:38PM",Nothing New (feat. Phoebe Bridgers) (Taylor’s Version) (From The Vault),Taylor Swift,01K4zKU104LyJ8gMb7227B,https://open.spotify.com/track/01K4zKU104LyJ8gMb7227B,spotify:track:01K4zKU104LyJ8gMb7227B,0.606,0.377,0,-9.455,0.0275,0.817,0.0,0.154,0.446,101.96,258813
"September 1, 2022 at 08:41PM",Babe (Taylor's Version) (From The Vault),Taylor Swift,0v4z1tuZvn6LGknom9Qx7d,https://open.spotify.com/track/0v4z1tuZvn6LGknom9Qx7d,spotify:track:0v4z1tuZvn6LGknom9Qx7d,0.584,0.743,4,-7.075,0.0931,0.0538,2.83e-06,0.121,0.746,167.844,224240
"September 1, 2022 at 09:03PM",King Of My Heart,Taylor Swift,7HuBDWi18s4aJM8UFnNheH,https://open.spotify.com/track/7HuBDWi18s4aJM8UFnNheH,spotify:track:7HuBDWi18s4aJM8UFnNheH,0.675,0.703,0,-7.902,0.0382,0.00882,2.21e-06,0.0391,0.314,110.01,214320
"September 2, 2022 at 06:26PM",Dress,Taylor Swift,6oVxXO5oQ4pTpO8RSnkzvv,https://open.spotify.com/track/6oVxXO5oQ4pTpO8RSnkzvv,spotify:track:6oVxXO5oQ4pTpO8RSnkzvv,0.719,0.469,0,-8.792,0.0533,0.0329,0.0,0.169,0.0851,120.085,230373
"September 2, 2022 at 06:29PM",The Very First Night (Taylor's Version) (From The Vault),Taylor Swift,6pYNq0ZwpPVazKzsqpf0G8,https://open.spotify.com/track/6pYNq0ZwpPVazKzsqpf0G8,spotify:track:6pYNq0ZwpPVazKzsqpf0G8,0.678,0.733,7,-5.025,0.0281,0.00115,0.0,0.104,0.581,121.009,200280
"September 2, 2022 at 06:33PM",Paper Rings,Taylor Swift,4y5bvROuBDPr5fuwXbIBZR,https://open.spotify.com/track/4y5bvROuBDPr5fuwXbIBZR,spotify:track:4y5bvROuBDPr5fuwXbIBZR,0.811,0.719,9,-6.553,0.0497,0.0129,1.36e-05,0.0742,0.865,103.979,222400
"September 2, 2022 at 06:37PM",Treacherous (Taylor's Version),Taylor Swift,3S7HNKPakdwNEBFIVTL6dZ,https://open.spotify.com/track/3S7HNKPakdwNEBFIVTL6dZ,spotify:track:3S7HNKPakdwNEBFIVTL6dZ,0.645,0.593,2,-6.506,0.0288,0.0344,0.000127,0.13,0.299,109.984,242720
"September 2, 2022 at 06:43PM",Mr. Perfectly Fine (Taylor’s Version) (From The Vault),Taylor Swift,2CYVETnhM9aytqrazYYwrK,https://open.spotify.com/track/2CYVETnhM9aytqrazYYwrK,spotify:track:2CYVETnhM9aytqrazYYwrK,0.66,0.817,11,-6.269,0.0521,0.162,0.0,0.0667,0.714,135.942,277592
"September 2, 2022 at 06:47PM",That’s When (feat. Keith Urban) (Taylor’s Version) (From The Vault),Taylor Swift,7eResoqEJJAVTkQYSqvO3P,https://open.spotify.com/track/7eResoqEJJAVTkQYSqvO3P,spotify:track:7eResoqEJJAVTkQYSqvO3P,0.588,0.608,5,-7.062,0.0365,0.225,0.0,0.092,0.508,90.201,189496
"September 2, 2022 at 06:51PM",This Love (Taylor’s Version),Taylor Swift,4d1CG5ei1E2vGbvmgf5KKv,https://open.spotify.com/track/4d1CG5ei1E2vGbvmgf5KKv,spotify:track:4d1CG5ei1E2vGbvmgf5KKv,0.47,0.494,4,-8.672,0.0349,0.302,0.0,0.0672,0.0524,144.039,250100
"September 2, 2022 at 06:56PM",Begin Again (Taylor's Version),Taylor Swift,05GsNucq8Bngd9fnd4fRa0,https://open.spotify.com/track/05GsNucq8Bngd9fnd4fRa0,spotify:track:05GsNucq8Bngd9fnd4fRa0,0.519,0.527,7,-7.673,0.0274,0.075,0.0,0.132,0.267,78.915,238867
"September 2, 2022 at 07:06PM",Everything Has Changed (feat. Ed Sheeran) (Taylor’s Version),Taylor Swift,7qEUFOVcxRI19tbT68JcYK,https://open.spotify.com/track/7qEUFOVcxRI19tbT68JcYK,spotify:track:7qEUFOVcxRI19tbT68JcYK,0.498,0.61,6,-5.098,0.0363,0.271,0.0,0.223,0.474,79.918,245427
"September 2, 2022 at 10:01PM",The Background,Gratis,24xoo0XjOj4oj3HSc0veDS,https://open.spotify.com/track/24xoo0XjOj4oj3HSc0veDS,spotify:track:24xoo0XjOj4oj3HSc0veDS,0.927,0.435,6,-10.503,0.0371,0.195,0.0333,0.116,0.672,110.021,194688
"September 2, 2022 at 10:03PM",Holiday,Danny Dwyer,0kvW3O8xkA4GHn2qad7UdY,https://open.spotify.com/track/0kvW3O8xkA4GHn2qad7UdY,spotify:track:0kvW3O8xkA4GHn2qad7UdY,0.915,0.389,1,-10.453,0.0566,0.769,0.909,0.1,0.729,93.058,158064
"September 2, 2022 at 10:07PM",Lovely,TOLEDO,0iaI2JPMeojXET6hnKits3,https://open.spotify.com/track/0iaI2JPMeojXET6hnKits3,spotify:track:0iaI2JPMeojXET6hnKits3,0.881,0.65,3,-8.978,0.0398,0.631,0.372,0.0837,0.923,117.975,208887
"September 2, 2022 at 10:10PM",Autumn in NY,Huck,2wUYftXgLYXHTp0bhwLmKS,https://open.spotify.com/track/2wUYftXgLYXHTp0bhwLmKS,spotify:track:2wUYftXgLYXHTp0bhwLmKS,0.613,0.486,7,-11.584,0.207,0.0338,1.03e-06,0.122,0.802,72.121,165000
"September 2, 2022 at 10:14PM",Young Mother,Youth Basketball,6pJxHj2pXldIFcIQqf62Xo,https://open.spotify.com/track/6pJxHj2pXldIFcIQqf62Xo,spotify:track:6pJxHj2pXldIFcIQqf62Xo,0.774,0.66,11,-5.712,0.046,0.0886,6.38e-06,0.0789,0.666,78.013,243820
"September 2, 2022 at 10:17PM",You Should Go,Gratis,6YkROmgHwI9OHKaA8OsKLj,https://open.spotify.com/track/6YkROmgHwI9OHKaA8OsKLj,spotify:track:6YkROmgHwI9OHKaA8OsKLj,0.924,0.393,7,-9.453,0.0457,0.129,0.0,0.141,0.804,93.981,178318
"September 2, 2022 at 10:19PM",Moonracer,Tommi Waring,3odWmLWTcGQc3ZIziKI8oh,https://open.spotify.com/track/3odWmLWTcGQc3ZIziKI8oh,spotify:track:3odWmLWTcGQc3ZIziKI8oh,0.727,0.671,1,-8.311,0.0502,0.0199,0.0388,0.0951,0.764,95.049,143368
"September 2, 2022 at 10:21PM",Placid,Camp Howard,7AQyuoS2cEBNH6Fejb50Og,https://open.spotify.com/track/7AQyuoS2cEBNH6Fejb50Og,spotify:track:7AQyuoS2cEBNH6Fejb50Og,0.78,0.392,9,-6.813,0.0385,0.00199,3.91e-05,0.115,0.701,122.215,131173
"September 2, 2022 at 10:24PM",Boy,Purr,2yD8Af6ptCYPEf3tIfZEee,https://open.spotify.com/track/2yD8Af6ptCYPEf3tIfZEee,spotify:track:2yD8Af6ptCYPEf3tIfZEee,0.681,0.759,11,-5.837,0.0273,0.195,1.51e-06,0.0888,0.965,118.829,176240
"September 2, 2022 at 10:29PM",CULPRIT,Kid Bloom,0rrTFN2UCw01yeXbw1gg3n,https://open.spotify.com/track/0rrTFN2UCw01yeXbw1gg3n,spotify:track:0rrTFN2UCw01yeXbw1gg3n,0.368,0.752,5,-4.979,0.038,0.0185,0.0014,0.0913,0.679,143.837,257747
"September 2, 2022 at 10:32PM",Waves,Pink Skies,4frSk7RBfDRGXYGEMbPkfF,https://open.spotify.com/track/4frSk7RBfDRGXYGEMbPkfF,spotify:track:4frSk7RBfDRGXYGEMbPkfF,0.506,0.592,2,-6.34,0.0292,0.00752,0.0,0.462,0.424,82.0,223253
"September 2, 2022 at 10:36PM",Two in the Morning,Gratis,6x82Gi2AvJfsJ9CpP2ciqZ,https://open.spotify.com/track/6x82Gi2AvJfsJ9CpP2ciqZ,spotify:track:6x82Gi2AvJfsJ9CpP2ciqZ,0.755,0.5,0,-9.004,0.034,0.185,0.0125,0.311,0.417,121.961,206915
"September 2, 2022 at 10:38PM",Living Safe,Makeup Girl,1fTyvrd2Ozye3r7LvayI9j,https://open.spotify.com/track/1fTyvrd2Ozye3r7LvayI9j,spotify:track:1fTyvrd2Ozye3r7LvayI9j,0.413,0.659,5,-9.115,0.0408,0.0128,4.25e-06,0.12,0.346,131.094,151263
"September 2, 2022 at 10:41PM",Skinny Dip,Pretoria,1QB4dSNfSzrCh8ONqOdDkf,https://open.spotify.com/track/1QB4dSNfSzrCh8ONqOdDkf,spotify:track:1QB4dSNfSzrCh8ONqOdDkf,0.382,0.794,5,-10.124,0.0336,0.00246,0.00777,0.258,0.711,197.232,175826
"September 2, 2022 at 10:44PM",Holy Smokes,New Islands,5xgSF9VUJUhRrM84g2h5dT,https://open.spotify.com/track/5xgSF9VUJUhRrM84g2h5dT,spotify:track:5xgSF9VUJUhRrM84g2h5dT,0.616,0.6,2,-12.646,0.0276,0.146,0.0202,0.141,0.967,146.707,143957
"September 2, 2022 at 10:46PM",Superbloom,Ruby Red,64mA6EQTOMVLpBE5lRP0t3,https://open.spotify.com/track/64mA6EQTOMVLpBE5lRP0t3,spotify:track:64mA6EQTOMVLpBE5lRP0t3,0.741,0.664,0,-5.664,0.0396,0.358,0.000189,0.138,0.737,102.963,174044
"September 2, 2022 at 10:50PM",Andy - Audiotree Live Version,Last Dinosaurs,7p1wKHq0Hrm7GdZmfxLEsn,https://open.spotify.com/track/7p1wKHq0Hrm7GdZmfxLEsn,spotify:track:7p1wKHq0Hrm7GdZmfxLEsn,0.571,0.758,2,-9.871,0.0549,0.00265,0.000584,0.115,0.657,114.36,227435
"September 2, 2022 at 10:55PM",Afraid Too,Gratis,4WtyiQudkvBfCxpxR2WZzI,https://open.spotify.com/track/4WtyiQudkvBfCxpxR2WZzI,spotify:track:4WtyiQudkvBfCxpxR2WZzI,0.643,0.51,0,-9.535,0.0307,0.173,0.000306,0.159,0.582,148.179,264761
"September 2, 2022 at 10:57PM",Thanks,Indigo Waves,3I2aeIXlvephDLmh1Q1BR0,https://open.spotify.com/track/3I2aeIXlvephDLmh1Q1BR0,spotify:track:3I2aeIXlvephDLmh1Q1BR0,0.695,0.749,2,-5.444,0.0268,0.234,0.0138,0.346,0.967,128.022,147073
"September 2, 2022 at 11:00PM",Pick Up,Donny Electric,28gWTbCkqscZe6f7CofWOn,https://open.spotify.com/track/28gWTbCkqscZe6f7CofWOn,spotify:track:28gWTbCkqscZe6f7CofWOn,0.799,0.696,6,-4.161,0.0601,0.0901,0.0,0.13,0.794,100.008,156000
"September 2, 2022 at 11:03PM",If I Was a Number,Clones of Clones,1iH1oRl8PI4w8ClI86cNDy,https://open.spotify.com/track/1iH1oRl8PI4w8ClI86cNDy,spotify:track:1iH1oRl8PI4w8ClI86cNDy,0.748,0.688,7,-5.264,0.0371,0.0073,0.291,0.403,0.686,107.997,174119
"September 2, 2022 at 11:06PM",Tense,King Velvet,2UDrRHM82zuH9Tcppk3Ymm,https://open.spotify.com/track/2UDrRHM82zuH9Tcppk3Ymm,spotify:track:2UDrRHM82zuH9Tcppk3Ymm,0.634,0.583,5,-5.412,0.0309,0.695,0.000109,0.176,0.515,130.057,228087
"September 2, 2022 at 11:10PM",Henry Says I Love You,Maryanne Bold,5tn11fd7ysfuDdnWNvRtPl,https://open.spotify.com/track/5tn11fd7ysfuDdnWNvRtPl,spotify:track:5tn11fd7ysfuDdnWNvRtPl,0.79,0.513,5,-7.993,0.0591,0.437,0.00391,0.154,0.508,143.982,203333
"September 2, 2022 at 11:14PM",Android Eyes,Gratis,4OZSiBu44SZ8MWi5uV7PyQ,https://open.spotify.com/track/4OZSiBu44SZ8MWi5uV7PyQ,spotify:track:4OZSiBu44SZ8MWi5uV7PyQ,0.801,0.463,11,-10.167,0.0404,0.0318,0.00147,0.177,0.838,113.029,271100
"September 2, 2022 at 11:17PM",Cant Let Go,Indigo Waves,7Kek56Nf1StTvTzASpFOA0,https://open.spotify.com/track/7Kek56Nf1StTvTzASpFOA0,spotify:track:7Kek56Nf1StTvTzASpFOA0,0.481,0.792,5,-6.809,0.0327,0.00577,0.135,0.329,0.696,182.015,176326
"September 2, 2022 at 11:19PM",Long Gone,Americanadian,0OnIsgh4rX4mM65qYnZRmf,https://open.spotify.com/track/0OnIsgh4rX4mM65qYnZRmf,spotify:track:0OnIsgh4rX4mM65qYnZRmf,0.669,0.473,9,-12.908,0.0242,0.457,0.142,0.0988,0.711,90.032,80514
"September 2, 2022 at 11:22PM",Ahead,nickname jos,17X6CaK58py6F0zIkz2JpS,https://open.spotify.com/track/17X6CaK58py6F0zIkz2JpS,spotify:track:17X6CaK58py6F0zIkz2JpS,0.779,0.469,6,-8.481,0.0565,0.0182,0.00951,0.12,0.415,127.946,188437
"September 2, 2022 at 11:25PM",Laying on the Grass,Sugarloaf Beach,08sqPueGsXEDbz88v1JoGu,https://open.spotify.com/track/08sqPueGsXEDbz88v1JoGu,spotify:track:08sqPueGsXEDbz88v1JoGu,0.669,0.553,4,-7.456,0.0303,0.168,0.292,0.0789,0.538,122.043,169180
"September 2, 2022 at 11:27PM",New Me,Selmer,6pKtO7orWayx7gPlTVspF2,https://open.spotify.com/track/6pKtO7orWayx7gPlTVspF2,spotify:track:6pKtO7orWayx7gPlTVspF2,0.66,0.521,11,-12.465,0.0495,0.397,0.00818,0.124,0.7,90.978,139579
"September 2, 2022 at 11:31PM",Is This Your Man,Gratis,2cctM6lnhloqRIJ6VuTTtr,https://open.spotify.com/track/2cctM6lnhloqRIJ6VuTTtr,spotify:track:2cctM6lnhloqRIJ6VuTTtr,0.662,0.428,9,-10.62,0.0915,0.0166,0.00144,0.368,0.852,78.099,224082
"September 2, 2022 at 11:36PM",Ahead,nickname jos,17X6CaK58py6F0zIkz2JpS,https://open.spotify.com/track/17X6CaK58py6F0zIkz2JpS,spotify:track:17X6CaK58py6F0zIkz2JpS,0.779,0.469,6,-8.481,0.0565,0.0182,0.00951,0.12,0.415,127.946,188437
"September 2, 2022 at 11:39PM",Laying on the Grass,Sugarloaf Beach,08sqPueGsXEDbz88v1JoGu,https://open.spotify.com/track/08sqPueGsXEDbz88v1JoGu,spotify:track:08sqPueGsXEDbz88v1JoGu,0.669,0.553,4,-7.456,0.0303,0.168,0.292,0.0789,0.538,122.043,169180
"September 2, 2022 at 11:41PM",New Me,Selmer,6pKtO7orWayx7gPlTVspF2,https://open.spotify.com/track/6pKtO7orWayx7gPlTVspF2,spotify:track:6pKtO7orWayx7gPlTVspF2,0.66,0.521,11,-12.465,0.0495,0.397,0.00818,0.124,0.7,90.978,139579
"September 2, 2022 at 11:45PM",Is This Your Man,Gratis,2cctM6lnhloqRIJ6VuTTtr,https://open.spotify.com/track/2cctM6lnhloqRIJ6VuTTtr,spotify:track:2cctM6lnhloqRIJ6VuTTtr,0.662,0.428,9,-10.62,0.0915,0.0166,0.00144,0.368,0.852,78.099,224082
"September 2, 2022 at 11:48PM",You Should Go,Gratis,6YkROmgHwI9OHKaA8OsKLj,https://open.spotify.com/track/6YkROmgHwI9OHKaA8OsKLj,spotify:track:6YkROmgHwI9OHKaA8OsKLj,0.924,0.393,7,-9.453,0.0457,0.129,0.0,0.141,0.804,93.981,178318
"September 2, 2022 at 11:51PM",The Background,Gratis,4H49xQ3wpiqfPnvu4q0hg7,https://open.spotify.com/track/4H49xQ3wpiqfPnvu4q0hg7,spotify:track:4H49xQ3wpiqfPnvu4q0hg7,0.927,0.435,6,-10.503,0.0371,0.195,0.0333,0.116,0.672,110.021,194688
"September 2, 2022 at 11:55PM",Is This Your Man,Gratis,2cctM6lnhloqRIJ6VuTTtr,https://open.spotify.com/track/2cctM6lnhloqRIJ6VuTTtr,spotify:track:2cctM6lnhloqRIJ6VuTTtr,0.662,0.428,9,-10.62,0.0915,0.0166,0.00144,0.368,0.852,78.099,224082
"September 3, 2022 at 12:00AM",Android Eyes,Gratis,5EYohAl3MhuSY4stbynd20,https://open.spotify.com/track/5EYohAl3MhuSY4stbynd20,spotify:track:5EYohAl3MhuSY4stbynd20,0.801,0.463,11,-10.167,0.0404,0.0318,0.00147,0.177,0.838,113.029,271100
"September 3, 2022 at 12:04AM",Afraid Too,Gratis,4WtyiQudkvBfCxpxR2WZzI,https://open.spotify.com/track/4WtyiQudkvBfCxpxR2WZzI,spotify:track:4WtyiQudkvBfCxpxR2WZzI,0.643,0.51,0,-9.535,0.0307,0.173,0.000306,0.159,0.582,148.179,264761
"September 3, 2022 at 12:07AM",Two in the Morning,Gratis,6x82Gi2AvJfsJ9CpP2ciqZ,https://open.spotify.com/track/6x82Gi2AvJfsJ9CpP2ciqZ,spotify:track:6x82Gi2AvJfsJ9CpP2ciqZ,0.755,0.5,0,-9.004,0.034,0.185,0.0125,0.311,0.417,121.961,206915
"September 3, 2022 at 12:10AM",This Night Has Opened My Eyes,Hot Flash Heat Wave,1GNp9tSDOgRP70uVOZ92BU,https://open.spotify.com/track/1GNp9tSDOgRP70uVOZ92BU,spotify:track:1GNp9tSDOgRP70uVOZ92BU,0.572,0.734,11,-8.766,0.0246,0.023,0.000163,0.0701,0.688,106.993,180561
"September 3, 2022 at 12:12AM",I Don't Think It's Time,Pro Teens,6JyJqa5DyA4HiDXlep2hGq,https://open.spotify.com/track/6JyJqa5DyA4HiDXlep2hGq,spotify:track:6JyJqa5DyA4HiDXlep2hGq,0.457,0.728,0,-6.919,0.0591,0.0099,0.0,0.0729,0.829,140.59,91645
"September 3, 2022 at 12:15AM",See You in the Morning,Onion the Man,3ayO77i4HvkQ2tt4ClAOE3,https://open.spotify.com/track/3ayO77i4HvkQ2tt4ClAOE3,spotify:track:3ayO77i4HvkQ2tt4ClAOE3,0.618,0.798,6,-6.097,0.0345,0.0156,0.000229,0.19,0.552,114.956,209413
"September 3, 2022 at 12:20AM",Soon Enough,The Undercover Dream Lovers,725kJqw9miHaQpEdIpwUGB,https://open.spotify.com/track/725kJqw9miHaQpEdIpwUGB,spotify:track:725kJqw9miHaQpEdIpwUGB,0.816,0.66,11,-4.911,0.0289,0.302,0.0043,0.059,0.914,117.958,242160
"September 3, 2022 at 12:23AM",Time Alone,Mild Monk,1S6iAtdW8Bx3aNKOA8H6Kk,https://open.spotify.com/track/1S6iAtdW8Bx3aNKOA8H6Kk,spotify:track:1S6iAtdW8Bx3aNKOA8H6Kk,0.647,0.534,7,-10.03,0.0335,0.445,0.611,0.169,0.805,101.056,212673
"September 3, 2022 at 12:26AM",Casablanca,Sugarloaf Beach,1LrbAa8DARRlzabb4DOQMQ,https://open.spotify.com/track/1LrbAa8DARRlzabb4DOQMQ,spotify:track:1LrbAa8DARRlzabb4DOQMQ,0.688,0.887,11,-5.145,0.0318,0.137,0.0382,0.0626,0.541,114.993,192000
"September 3, 2022 at 12:29AM",Change You,Chasing Daze,3nLOvltaJAqQA0PQ1A5W9P,https://open.spotify.com/track/3nLOvltaJAqQA0PQ1A5W9P,spotify:track:3nLOvltaJAqQA0PQ1A5W9P,0.73,0.645,4,-8.3,0.0342,0.126,0.126,0.114,0.935,132.01,151729
"September 3, 2022 at 12:31AM",Slingshot,Ethan Kerr,1w3NxaHUWf2CtrvSocKjDj,https://open.spotify.com/track/1w3NxaHUWf2CtrvSocKjDj,spotify:track:1w3NxaHUWf2CtrvSocKjDj,0.857,0.522,0,-8.434,0.0329,0.173,0.00371,0.341,0.459,122.865,138500
"September 3, 2022 at 12:35AM",After Shuggie,Eli Smart,30kZH3kA4ZYN8WbNbF9HsJ,https://open.spotify.com/track/30kZH3kA4ZYN8WbNbF9HsJ,spotify:track:30kZH3kA4ZYN8WbNbF9HsJ,0.528,0.9,10,-9.078,0.11,0.000228,6.01e-05,0.289,0.873,89.983,224213
"September 3, 2022 at 12:38AM",Emotional R&B,Hala,2KqLEjwETm44n0qhNfSlgZ,https://open.spotify.com/track/2KqLEjwETm44n0qhNfSlgZ,spotify:track:2KqLEjwETm44n0qhNfSlgZ,0.518,0.541,6,-8.235,0.0248,0.0334,0.000559,0.111,0.615,170.016,198431
"September 3, 2022 at 12:41AM",Me N June!,mmmonika,0pdGkTGfpAmd5J2HTqCkYL,https://open.spotify.com/track/0pdGkTGfpAmd5J2HTqCkYL,spotify:track:0pdGkTGfpAmd5J2HTqCkYL,0.672,0.582,7,-8.289,0.058,0.205,2.97e-06,0.305,0.456,117.983,142373
"September 3, 2022 at 12:43AM",Playing the Game,Slow Ref,03OJKeJV4uSiyejm5KCTHU,https://open.spotify.com/track/03OJKeJV4uSiyejm5KCTHU,spotify:track:03OJKeJV4uSiyejm5KCTHU,0.443,0.535,1,-15.248,0.0378,0.0689,0.889,0.267,0.882,84.963,124562
"September 3, 2022 at 09:15AM",That’s When (feat. Keith Urban) (Taylor’s Version) (From The Vault),Taylor Swift,7eResoqEJJAVTkQYSqvO3P,https://open.spotify.com/track/7eResoqEJJAVTkQYSqvO3P,spotify:track:7eResoqEJJAVTkQYSqvO3P,0.588,0.608,5,-7.062,0.0365,0.225,0.0,0.092,0.508,90.201,189496
"September 3, 2022 at 09:19AM",Gasoline (feat. Taylor Swift),HAIM,2bzUVEvpZ7At5cYz1kOLI9,https://open.spotify.com/track/2bzUVEvpZ7At5cYz1kOLI9,spotify:track:2bzUVEvpZ7At5cYz1kOLI9,0.658,0.717,1,-4.257,0.0633,0.0846,0.0022,0.12,0.595,133.074,193373
"September 3, 2022 at 09:22AM",Til the Right One Comes,John Mayer,4f0xBbWvKWmuB17yebh24a,https://open.spotify.com/track/4f0xBbWvKWmuB17yebh24a,spotify:track:4f0xBbWvKWmuB17yebh24a,0.807,0.563,3,-8.996,0.0287,0.242,0.00322,0.0488,0.925,112.985,219227
"September 3, 2022 at 09:28AM",right where you left me - bonus track,Taylor Swift,3zwMVvkBe2qIKDObWgXw4N,https://open.spotify.com/track/3zwMVvkBe2qIKDObWgXw4N,spotify:track:3zwMVvkBe2qIKDObWgXw4N,0.581,0.619,10,-6.524,0.0282,0.769,0.000106,0.117,0.645,137.915,245027
"September 3, 2022 at 09:42AM",it’s time to go - bonus track,Taylor Swift,1kdWw77ZpYOkhxeuhzU1j6,https://open.spotify.com/track/1kdWw77ZpYOkhxeuhzU1j6,spotify:track:1kdWw77ZpYOkhxeuhzU1j6,0.592,0.41,0,-12.426,0.0397,0.801,1.39e-05,0.09,0.416,151.923,254640
"September 3, 2022 at 12:55PM",It Ain’t Easy,Delta Spirit,2Gq6IrusLyXNxtLojM62l7,https://open.spotify.com/track/2Gq6IrusLyXNxtLojM62l7,spotify:track:2Gq6IrusLyXNxtLojM62l7,0.659,0.858,10,-7.93,0.0742,0.0881,0.00281,0.524,0.784,105.027,200947
"September 3, 2022 at 12:59PM",marjorie,Taylor Swift,5uICWmZTLkpEVbK22PBP6e,https://open.spotify.com/track/5uICWmZTLkpEVbK22PBP6e,spotify:track:5uICWmZTLkpEVbK22PBP6e,0.535,0.561,5,-11.609,0.0484,0.876,0.000136,0.115,0.287,96.103,257773
"September 3, 2022 at 01:04PM",Mr. Perfectly Fine (Taylor’s Version) (From The Vault),Taylor Swift,7l2tmgUhV7Y2aJHjiszifg,https://open.spotify.com/track/7l2tmgUhV7Y2aJHjiszifg,spotify:track:7l2tmgUhV7Y2aJHjiszifg,0.661,0.819,11,-6.269,0.0519,0.167,0.0,0.0647,0.724,135.937,277592
"September 3, 2022 at 01:06PM",Don't Let the Green Grass Fool You,Wilson Pickett,79krwDoFzJ6dbNRwceAwgH,https://open.spotify.com/track/79krwDoFzJ6dbNRwceAwgH,spotify:track:79krwDoFzJ6dbNRwceAwgH,0.573,0.707,6,-8.29,0.0632,0.442,0.000241,0.123,0.961,152.467,169707
"September 3, 2022 at 12:44AM",Clouded,Swim Mountain,1Z8i3tEf0UOz52gDU8vbu8,https://open.spotify.com/track/1Z8i3tEf0UOz52gDU8vbu8,spotify:track:1Z8i3tEf0UOz52gDU8vbu8,0.66,0.48,8,-9.892,0.0292,0.681,0.00475,0.177,0.262,90.03,203880
"September 3, 2022 at 07:12PM",Clouded,Swim Mountain,1Z8i3tEf0UOz52gDU8vbu8,https://open.spotify.com/track/1Z8i3tEf0UOz52gDU8vbu8,spotify:track:1Z8i3tEf0UOz52gDU8vbu8,0.66,0.48,8,-9.892,0.0292,0.681,0.00475,0.177,0.262,90.03,203880
"September 3, 2022 at 07:16PM",Chops,Argonaut & Wasp,0F6NRy1dhuXiRdD3VmuZVD,https://open.spotify.com/track/0F6NRy1dhuXiRdD3VmuZVD,spotify:track:0F6NRy1dhuXiRdD3VmuZVD,0.79,0.684,7,-5.401,0.0396,0.0402,0.00016,0.0865,0.953,124.028,196000
"September 3, 2022 at 07:18PM",Don't Care,Carter Reeves,0dc7OAjoD8nPXzFSw3ZcQL,https://open.spotify.com/track/0dc7OAjoD8nPXzFSw3ZcQL,spotify:track:0dc7OAjoD8nPXzFSw3ZcQL,0.856,0.537,5,-10.247,0.0681,0.0634,4.07e-05,0.237,0.841,106.01,150227
"September 3, 2022 at 07:22PM",All In My Head,NEIL FRANCES,3NgVBkXJoGRaX7CqCM2AJJ,https://open.spotify.com/track/3NgVBkXJoGRaX7CqCM2AJJ,spotify:track:3NgVBkXJoGRaX7CqCM2AJJ,0.687,0.904,8,-5.622,0.0361,0.0983,0.559,0.0982,0.697,108.024,215556
"September 3, 2022 at 07:24PM",Hey Hi Hello,Danny and Alex,1BfQIp84k74zdpodU2TkR7,https://open.spotify.com/track/1BfQIp84k74zdpodU2TkR7,spotify:track:1BfQIp84k74zdpodU2TkR7,0.766,0.536,6,-9.097,0.11,8.91e-06,0.0346,0.0665,0.856,104.989,138863
"September 3, 2022 at 07:27PM",Holiday,Danny Dwyer,0kvW3O8xkA4GHn2qad7UdY,https://open.spotify.com/track/0kvW3O8xkA4GHn2qad7UdY,spotify:track:0kvW3O8xkA4GHn2qad7UdY,0.915,0.389,1,-10.453,0.0566,0.769,0.909,0.1,0.729,93.058,158064
"September 3, 2022 at 07:30PM",6:00 am,Max Pope,0CIE337E7VSR5tNdkJtqGh,https://open.spotify.com/track/0CIE337E7VSR5tNdkJtqGh,spotify:track:0CIE337E7VSR5tNdkJtqGh,0.642,0.669,6,-10.13,0.0276,0.0141,0.0124,0.355,0.877,117.989,175774
"September 3, 2022 at 07:33PM",Wake up the Soul,Superjava,2sm2rHm99A7du9Umi9WZGF,https://open.spotify.com/track/2sm2rHm99A7du9Umi9WZGF,spotify:track:2sm2rHm99A7du9Umi9WZGF,0.832,0.731,11,-6.05,0.0417,0.23,0.0,0.198,0.972,109.989,214502
"September 3, 2022 at 07:36PM",Autumn in NY,Huck,2wUYftXgLYXHTp0bhwLmKS,https://open.spotify.com/track/2wUYftXgLYXHTp0bhwLmKS,spotify:track:2wUYftXgLYXHTp0bhwLmKS,0.613,0.486,7,-11.584,0.207,0.0338,1.03e-06,0.122,0.802,72.121,165000
"September 3, 2022 at 07:38PM",Moonracer,Tommi Waring,3odWmLWTcGQc3ZIziKI8oh,https://open.spotify.com/track/3odWmLWTcGQc3ZIziKI8oh,spotify:track:3odWmLWTcGQc3ZIziKI8oh,0.727,0.671,1,-8.311,0.0502,0.0199,0.0388,0.0951,0.764,95.049,143368
"September 3, 2022 at 07:41PM",Beleev,Grebes,2R1LpLgulOgvYyMckAfdAC,https://open.spotify.com/track/2R1LpLgulOgvYyMckAfdAC,spotify:track:2R1LpLgulOgvYyMckAfdAC,0.673,0.524,6,-8.284,0.0272,0.51,0.263,0.15,0.523,132.033,163600
"September 3, 2022 at 07:43PM",Let Me Go,Kevin Holliday,72AHU2vbd65RfgOdh49kS6,https://open.spotify.com/track/72AHU2vbd65RfgOdh49kS6,spotify:track:72AHU2vbd65RfgOdh49kS6,0.7,0.667,5,-10.152,0.0301,0.179,0.139,0.122,0.652,87.024,102937
"September 3, 2022 at 07:46PM",Boy,Purr,2yD8Af6ptCYPEf3tIfZEee,https://open.spotify.com/track/2yD8Af6ptCYPEf3tIfZEee,spotify:track:2yD8Af6ptCYPEf3tIfZEee,0.681,0.759,11,-5.837,0.0273,0.195,1.51e-06,0.0888,0.965,118.829,176240
"September 3, 2022 at 07:49PM",Henry Says I Love You,Maryanne Bold,5tn11fd7ysfuDdnWNvRtPl,https://open.spotify.com/track/5tn11fd7ysfuDdnWNvRtPl,spotify:track:5tn11fd7ysfuDdnWNvRtPl,0.79,0.513,5,-7.993,0.0591,0.437,0.00391,0.154,0.508,143.982,203333
"September 3, 2022 at 07:53PM",Freedom,Pish,1PKLdqUNLdmUh0PeE3Nca2,https://open.spotify.com/track/1PKLdqUNLdmUh0PeE3Nca2,spotify:track:1PKLdqUNLdmUh0PeE3Nca2,0.637,0.736,9,-5.673,0.0342,0.00614,9.74e-05,0.195,0.772,121.986,239249
"September 3, 2022 at 07:57PM",Better Way,NEIL FRANCES,4iQWrcMoYEEN6HsIxTfs4U,https://open.spotify.com/track/4iQWrcMoYEEN6HsIxTfs4U,spotify:track:4iQWrcMoYEEN6HsIxTfs4U,0.71,0.714,8,-8.958,0.0312,0.0601,0.0985,0.24,0.973,129.974,206769
"September 3, 2022 at 07:59PM",Placid,Camp Howard,7AQyuoS2cEBNH6Fejb50Og,https://open.spotify.com/track/7AQyuoS2cEBNH6Fejb50Og,spotify:track:7AQyuoS2cEBNH6Fejb50Og,0.78,0.392,9,-6.813,0.0385,0.00199,3.91e-05,0.115,0.701,122.215,131173
"September 3, 2022 at 08:02PM",Magic Oyster,The Fat Badgers,3nC4iLotIWb7yXRrAgCPzp,https://open.spotify.com/track/3nC4iLotIWb7yXRrAgCPzp,spotify:track:3nC4iLotIWb7yXRrAgCPzp,0.734,0.763,5,-6.919,0.0577,0.186,0.078,0.196,0.585,118.024,198343
"September 3, 2022 at 08:05PM",Superbloom,Ruby Red,64mA6EQTOMVLpBE5lRP0t3,https://open.spotify.com/track/64mA6EQTOMVLpBE5lRP0t3,spotify:track:64mA6EQTOMVLpBE5lRP0t3,0.741,0.664,0,-5.664,0.0396,0.358,0.000189,0.138,0.737,102.963,174044
"September 3, 2022 at 08:08PM",Yeah You,More Fatter,2498THhwuGaXJ1hfhQfyzb,https://open.spotify.com/track/2498THhwuGaXJ1hfhQfyzb,spotify:track:2498THhwuGaXJ1hfhQfyzb,0.737,0.523,0,-9.119,0.0396,0.0259,1.81e-06,0.106,0.944,117.883,197800
"September 3, 2022 at 08:11PM",Thinkin' Freely,Selmer,27AjpwnTZVk2LcPR9tEH1e,https://open.spotify.com/track/27AjpwnTZVk2LcPR9tEH1e,spotify:track:27AjpwnTZVk2LcPR9tEH1e,0.699,0.816,1,-8.215,0.0726,0.0463,4.69e-06,0.368,0.652,119.956,175872
"September 3, 2022 at 08:15PM",Hold Up,Tim Atlas,6QwWVA0Zsc1vdxdSl7ZJqB,https://open.spotify.com/track/6QwWVA0Zsc1vdxdSl7ZJqB,spotify:track:6QwWVA0Zsc1vdxdSl7ZJqB,0.668,0.489,4,-6.581,0.0517,0.4,0.249,0.0487,0.775,179.886,208685
"September 3, 2022 at 08:18PM",If I Was a Number,Clones of Clones,1iH1oRl8PI4w8ClI86cNDy,https://open.spotify.com/track/1iH1oRl8PI4w8ClI86cNDy,spotify:track:1iH1oRl8PI4w8ClI86cNDy,0.748,0.688,7,-5.264,0.0371,0.0073,0.291,0.403,0.686,107.997,174119
"September 3, 2022 at 08:20PM",Pick Up,Donny Electric,28gWTbCkqscZe6f7CofWOn,https://open.spotify.com/track/28gWTbCkqscZe6f7CofWOn,spotify:track:28gWTbCkqscZe6f7CofWOn,0.799,0.696,6,-4.161,0.0601,0.0901,0.0,0.13,0.794,100.008,156000
"September 3, 2022 at 08:24PM",It's Nothing,Stray Fossa,0cWzGYfw4ArAQbvKVLm8LM,https://open.spotify.com/track/0cWzGYfw4ArAQbvKVLm8LM,spotify:track:0cWzGYfw4ArAQbvKVLm8LM,0.619,0.668,1,-7.49,0.03,0.0104,0.0385,0.188,0.526,119.948,198125
"September 3, 2022 at 08:27PM",I Do,Mannequin Online,0Z9EGbaMazaUdxYafvWmiP,https://open.spotify.com/track/0Z9EGbaMazaUdxYafvWmiP,spotify:track:0Z9EGbaMazaUdxYafvWmiP,0.792,0.577,8,-6.116,0.0546,0.0916,0.00288,0.402,0.883,95.005,176842
"September 3, 2022 at 08:30PM",Chardonnay,The Undercover Dream Lovers,55HFxVbykYWfFe9RzrCbEF,https://open.spotify.com/track/55HFxVbykYWfFe9RzrCbEF,spotify:track:55HFxVbykYWfFe9RzrCbEF,0.763,0.56,8,-6.896,0.044,0.422,0.00645,0.102,0.878,106.073,215810
"September 3, 2022 at 08:33PM",Speak Easy,Bridal Party,6yFE93yUSG81ZQ7Rcj5D0g,https://open.spotify.com/track/6yFE93yUSG81ZQ7Rcj5D0g,spotify:track:6yFE93yUSG81ZQ7Rcj5D0g,0.768,0.618,4,-7.72,0.0771,0.607,0.0,0.276,0.551,145.95,174491
"September 3, 2022 at 08:37PM",Andy - Audiotree Live Version,Last Dinosaurs,7p1wKHq0Hrm7GdZmfxLEsn,https://open.spotify.com/track/7p1wKHq0Hrm7GdZmfxLEsn,spotify:track:7p1wKHq0Hrm7GdZmfxLEsn,0.571,0.758,2,-9.871,0.0549,0.00265,0.000584,0.115,0.657,114.36,227435
"September 3, 2022 at 08:40PM",So Cool - San Cisco Remix,Mannequin Online,78LAP5cIHol9U7N5w5UlUm,https://open.spotify.com/track/78LAP5cIHol9U7N5w5UlUm,spotify:track:78LAP5cIHol9U7N5w5UlUm,0.722,0.904,11,-6.606,0.0707,0.00996,0.0334,0.133,0.927,109.977,189804
"September 3, 2022 at 08:43PM",Jukebox Cutie,Bridal Party,6NXEwelIKV5Yh27l9hP0vi,https://open.spotify.com/track/6NXEwelIKV5Yh27l9hP0vi,spotify:track:6NXEwelIKV5Yh27l9hP0vi,0.752,0.523,5,-9.093,0.0267,0.311,0.0,0.0954,0.805,104.017,194444
"September 3, 2022 at 08:46PM",At Some Point,Meyru,53cGf4fiLKg59xzsKNLb5E,https://open.spotify.com/track/53cGf4fiLKg59xzsKNLb5E,spotify:track:53cGf4fiLKg59xzsKNLb5E,0.557,0.377,1,-5.41,0.0272,0.00326,0.013,0.115,0.497,90.009,163947
"September 3, 2022 at 08:49PM",MEGA HOT SUPER BABE,Little Bird,0CNgcJvwqJyO88W6uiqIV3,https://open.spotify.com/track/0CNgcJvwqJyO88W6uiqIV3,spotify:track:0CNgcJvwqJyO88W6uiqIV3,0.609,0.691,11,-7.675,0.0545,0.229,0.187,0.431,0.547,110.566,196730
"September 3, 2022 at 08:54PM",Android Eyes,Gratis,4OZSiBu44SZ8MWi5uV7PyQ,https://open.spotify.com/track/4OZSiBu44SZ8MWi5uV7PyQ,spotify:track:4OZSiBu44SZ8MWi5uV7PyQ,0.801,0.463,11,-10.167,0.0404,0.0318,0.00147,0.177,0.838,113.029,271100
"September 3, 2022 at 08:57PM",Try Harder,Cape Weather,60pABuxaAjVD2OjsAVjVZQ,https://open.spotify.com/track/60pABuxaAjVD2OjsAVjVZQ,spotify:track:60pABuxaAjVD2OjsAVjVZQ,0.711,0.502,11,-9.202,0.0345,0.0586,0.0417,0.219,0.82,100.992,185214
"September 3, 2022 at 11:49PM",Overzealous,Gervais Sun,0C4WqmP5vds9Mge5BtdNXX,https://open.spotify.com/track/0C4WqmP5vds9Mge5BtdNXX,spotify:track:0C4WqmP5vds9Mge5BtdNXX,0.786,0.623,4,-5.869,0.0359,0.00721,0.293,0.21,0.599,105.016,210286
"September 3, 2022 at 11:52PM",If You Don't Wanna Know,Fake Laugh,4dgLNktM0emrEBuEarWYVO,https://open.spotify.com/track/4dgLNktM0emrEBuEarWYVO,spotify:track:4dgLNktM0emrEBuEarWYVO,0.678,0.861,6,-5.136,0.0313,0.222,0.0381,0.0675,0.955,124.99,207573
"September 3, 2022 at 11:56PM",Young Mother,Youth Basketball,6pJxHj2pXldIFcIQqf62Xo,https://open.spotify.com/track/6pJxHj2pXldIFcIQqf62Xo,spotify:track:6pJxHj2pXldIFcIQqf62Xo,0.774,0.66,11,-5.712,0.046,0.0886,6.38e-06,0.0789,0.666,78.013,243820
"September 3, 2022 at 11:59PM",Kid,meija,44lwALFmPaUko8qiGNfyh5,https://open.spotify.com/track/44lwALFmPaUko8qiGNfyh5,spotify:track:44lwALFmPaUko8qiGNfyh5,0.747,0.453,11,-8.477,0.0344,0.0104,6.8e-05,0.106,0.704,93.001,185806
"September 4, 2022 at 12:02AM",Comeback Girl,Stoop Kids,0Ye34APi4SeImEiScNctgl,https://open.spotify.com/track/0Ye34APi4SeImEiScNctgl,spotify:track:0Ye34APi4SeImEiScNctgl,0.315,0.618,11,-6.43,0.071,0.153,0.0,0.166,0.218,92.554,162000
"September 4, 2022 at 12:05AM",Burnt Out,Michael Vokes,0pBf8anG3r3bqZ1uEzSjld,https://open.spotify.com/track/0pBf8anG3r3bqZ1uEzSjld,spotify:track:0pBf8anG3r3bqZ1uEzSjld,0.729,0.861,9,-3.164,0.0303,0.197,2.8e-05,0.0903,0.769,117.955,168594
"September 4, 2022 at 12:09AM",Permanent,Bad Sounds,652213vzMQxqWWBvL8ZcBe,https://open.spotify.com/track/652213vzMQxqWWBvL8ZcBe,spotify:track:652213vzMQxqWWBvL8ZcBe,0.77,0.875,7,-4.027,0.0621,0.0773,0.027,0.256,0.627,110.01,226583
"September 4, 2022 at 12:12AM",The Background,Gratis,24xoo0XjOj4oj3HSc0veDS,https://open.spotify.com/track/24xoo0XjOj4oj3HSc0veDS,spotify:track:24xoo0XjOj4oj3HSc0veDS,0.927,0.435,6,-10.503,0.0371,0.195,0.0333,0.116,0.672,110.021,194688
"September 4, 2022 at 12:16AM",Boogie Juice,HalfNoise,6JOnGacSjt0YmrKqMeNNV0,https://open.spotify.com/track/6JOnGacSjt0YmrKqMeNNV0,spotify:track:6JOnGacSjt0YmrKqMeNNV0,0.656,0.779,10,-5.536,0.042,0.0949,0.0328,0.33,0.703,98.016,216520
"September 4, 2022 at 12:18AM",Nostalgia For The Present Moment,Jaunt,64qTQjDNaRCy35jePuPz6m,https://open.spotify.com/track/64qTQjDNaRCy35jePuPz6m,spotify:track:64qTQjDNaRCy35jePuPz6m,0.66,0.529,2,-7.995,0.0334,0.504,2.05e-05,0.327,0.572,75.487,167281
"September 4, 2022 at 12:22AM",Waiter,BOYO,2Mz8aW2a8SgX5G0oyH8IPV,https://open.spotify.com/track/2Mz8aW2a8SgX5G0oyH8IPV,spotify:track:2Mz8aW2a8SgX5G0oyH8IPV,0.641,0.864,9,-5.474,0.0519,0.222,0.0157,0.191,0.694,149.912,197600
"September 4, 2022 at 12:25AM",Tune In,Spendtime Palace,5e937wrzGfeRqrM5jC7ekc,https://open.spotify.com/track/5e937wrzGfeRqrM5jC7ekc,spotify:track:5e937wrzGfeRqrM5jC7ekc,0.787,0.52,5,-8.943,0.0302,0.0679,0.000252,0.124,0.719,115.942,228816
"September 4, 2022 at 12:29AM",Tense,King Velvet,2UDrRHM82zuH9Tcppk3Ymm,https://open.spotify.com/track/2UDrRHM82zuH9Tcppk3Ymm,spotify:track:2UDrRHM82zuH9Tcppk3Ymm,0.634,0.583,5,-5.412,0.0309,0.695,0.000109,0.176,0.515,130.057,228087
"September 4, 2022 at 12:32AM",It's Not True Love,Bye Beneco,1pndFkLrgvWzgq05f3tj4v,https://open.spotify.com/track/1pndFkLrgvWzgq05f3tj4v,spotify:track:1pndFkLrgvWzgq05f3tj4v,0.595,0.716,11,-7.307,0.0383,0.00805,0.0341,0.114,0.646,130.028,181802
"September 4, 2022 at 12:35AM",The Peanut Butter Song,Maddie Jay,7KwEuZNOI2u6Lo3vj0q1hN,https://open.spotify.com/track/7KwEuZNOI2u6Lo3vj0q1hN,spotify:track:7KwEuZNOI2u6Lo3vj0q1hN,0.842,0.671,1,-6.917,0.0291,0.23,0.0284,0.127,0.694,112.008,181035
"September 4, 2022 at 12:38AM",Two Thirds of a Fifth,Dan Edmonds,5Nwzn8odoY3oV15EihEqAx,https://open.spotify.com/track/5Nwzn8odoY3oV15EihEqAx,spotify:track:5Nwzn8odoY3oV15EihEqAx,0.737,0.628,1,-10.355,0.0477,0.0951,0.231,0.104,0.812,123.026,164185
"September 4, 2022 at 12:40AM",Wasted Emotion,Lady Legs,0ZZmAQqKebcdAHxSe3g5iP,https://open.spotify.com/track/0ZZmAQqKebcdAHxSe3g5iP,spotify:track:0ZZmAQqKebcdAHxSe3g5iP,0.557,0.9,0,-3.817,0.0318,2.29e-05,0.525,0.28,0.645,119.922,143812
"September 4, 2022 at 12:44AM",Electric Honey,Con and The Éire Jordans,7H01qNaWldyovmHlbaNkPF,https://open.spotify.com/track/7H01qNaWldyovmHlbaNkPF,spotify:track:7H01qNaWldyovmHlbaNkPF,0.86,0.492,5,-11.112,0.102,0.142,3.88e-05,0.145,0.871,120.033,202250
"September 4, 2022 at 12:48AM",A Way Out,The Undercover Dream Lovers,49msJ7xl3s6XrsGACoRP1g,https://open.spotify.com/track/49msJ7xl3s6XrsGACoRP1g,spotify:track:49msJ7xl3s6XrsGACoRP1g,0.656,0.694,9,-4.126,0.0274,0.225,0.0375,0.311,0.939,107.095,261493
"September 4, 2022 at 12:52AM",Don't Say Shit You Don't Mean,Camp Howard,4ot2W5GgpeWRy9prVE9fzJ,https://open.spotify.com/track/4ot2W5GgpeWRy9prVE9fzJ,spotify:track:4ot2W5GgpeWRy9prVE9fzJ,0.631,0.577,4,-6.143,0.0249,0.000167,0.00388,0.0975,0.597,77.472,204587
"September 4, 2022 at 01:09AM",unconditional,HOAX,3UovV8lX0HKvj0HorwCAb5,https://open.spotify.com/track/3UovV8lX0HKvj0HorwCAb5,spotify:track:3UovV8lX0HKvj0HorwCAb5,0.573,0.841,2,-5.09,0.0285,0.0182,0.0,0.147,0.493,104.989,210481
"September 4, 2022 at 01:14AM",Lilac,Shimmertraps,19aj7vzIgjLMfqDOEGVssu,https://open.spotify.com/track/19aj7vzIgjLMfqDOEGVssu,spotify:track:19aj7vzIgjLMfqDOEGVssu,0.632,0.76,11,-6.99,0.0422,0.0265,0.602,0.273,0.819,122.037,258689
"September 4, 2022 at 01:17AM",Clean,Not Kevin,74jwQOur45HvOErFAZVNVq,https://open.spotify.com/track/74jwQOur45HvOErFAZVNVq,spotify:track:74jwQOur45HvOErFAZVNVq,0.406,0.791,1,-4.414,0.0326,0.000799,0.0798,0.349,0.112,86.276,224770
"September 4, 2022 at 01:20AM",Always On,Kevin Holliday,229vtI5xw2poRJemO8cNn2,https://open.spotify.com/track/229vtI5xw2poRJemO8cNn2,spotify:track:229vtI5xw2poRJemO8cNn2,0.674,0.562,1,-11.323,0.0317,0.239,0.00809,0.373,0.631,114.965,181250
"September 4, 2022 at 01:23AM",Fantasma IV,Stevie Zita,5wRteohfeB6V8iAHPZwANX,https://open.spotify.com/track/5wRteohfeB6V8iAHPZwANX,spotify:track:5wRteohfeB6V8iAHPZwANX,0.622,0.578,0,-6.478,0.0311,0.0644,0.00035,0.281,0.538,105.963,154463
"September 4, 2022 at 01:26AM",Milkshake,St Francis Hotel,2nHiHpXRn2qBsrGbZSMP4u,https://open.spotify.com/track/2nHiHpXRn2qBsrGbZSMP4u,spotify:track:2nHiHpXRn2qBsrGbZSMP4u,0.623,0.647,7,-6.563,0.029,0.011,0.171,0.339,0.158,80.836,183027
"September 4, 2022 at 01:28AM",Some Faith,Hello Forever,5gJ7BpCTnCYE4YSofYvYqP,https://open.spotify.com/track/5gJ7BpCTnCYE4YSofYvYqP,spotify:track:5gJ7BpCTnCYE4YSofYvYqP,0.579,0.912,6,-5.569,0.0987,0.0469,1.81e-05,0.517,0.589,130.472,142385
"September 4, 2022 at 01:31AM",Spam,Kuhr,2rKQ66AcKuYXHDwFJ7O0N9,https://open.spotify.com/track/2rKQ66AcKuYXHDwFJ7O0N9,spotify:track:2rKQ66AcKuYXHDwFJ7O0N9,0.751,0.517,0,-9.761,0.0816,0.177,0.0482,0.0633,0.291,153.338,132000
"September 4, 2022 at 01:34AM",Who Are You on Your Own?,Matt Duncan,4fstSKMbFhOMVoJRMta25u,https://open.spotify.com/track/4fstSKMbFhOMVoJRMta25u,spotify:track:4fstSKMbFhOMVoJRMta25u,0.773,0.497,7,-10.256,0.0273,0.286,0.665,0.0394,0.582,110.01,216400
"September 4, 2022 at 01:38AM",Plane Ride,The Undercover Dream Lovers,0W1zCFmX3HqW8mxCh19adJ,https://open.spotify.com/track/0W1zCFmX3HqW8mxCh19adJ,spotify:track:0W1zCFmX3HqW8mxCh19adJ,0.683,0.729,2,-5.945,0.0671,0.581,0.00419,0.291,0.693,140.085,239773
"September 4, 2022 at 01:41AM",Warm,Stevan,5PauCXUcri0478Kt5SfU8A,https://open.spotify.com/track/5PauCXUcri0478Kt5SfU8A,spotify:track:5PauCXUcri0478Kt5SfU8A,0.6,0.918,1,-6.506,0.039,0.0696,0.791,0.0722,0.969,94.991,185024
"September 4, 2022 at 01:44AM",Saturn Return,Howard,4lvJiiUo4y9jUimIzdvIwz,https://open.spotify.com/track/4lvJiiUo4y9jUimIzdvIwz,spotify:track:4lvJiiUo4y9jUimIzdvIwz,0.657,0.679,9,-8.79,0.0268,0.227,0.0958,0.109,0.571,129.963,178085
"September 4, 2022 at 01:48AM",Posters,Elah Hale,7066GpfKnmqFzt0azFMyPx,https://open.spotify.com/track/7066GpfKnmqFzt0azFMyPx,spotify:track:7066GpfKnmqFzt0azFMyPx,0.752,0.739,6,-6.365,0.0379,0.272,0.0402,0.114,0.834,120.0,201862
"September 4, 2022 at 01:51AM",Surprise,Camp Howard,5SOa1PIuz8vzH4aimIWwOy,https://open.spotify.com/track/5SOa1PIuz8vzH4aimIWwOy,spotify:track:5SOa1PIuz8vzH4aimIWwOy,0.673,0.461,8,-7.676,0.0397,0.0163,2.51e-05,0.14,0.565,110.003,193982
"September 4, 2022 at 01:54AM",Raincheck,Jachary,4uLayl2QxBKcnNE9A34rev,https://open.spotify.com/track/4uLayl2QxBKcnNE9A34rev,spotify:track:4uLayl2QxBKcnNE9A34rev,0.742,0.716,2,-7.319,0.061,0.218,0.106,0.0869,0.708,102.236,186520
"September 4, 2022 at 01:56AM",Favor,Legwurk,3kdqGricnsw4DGG4nNrIO0,https://open.spotify.com/track/3kdqGricnsw4DGG4nNrIO0,spotify:track:3kdqGricnsw4DGG4nNrIO0,0.668,0.435,10,-8.355,0.0643,0.387,0.0,0.16,0.846,167.079,138503
"September 4, 2022 at 01:59AM",Lose U,Ruble,4Kzuydl1zL1XrM93z9dzxQ,https://open.spotify.com/track/4Kzuydl1zL1XrM93z9dzxQ,spotify:track:4Kzuydl1zL1XrM93z9dzxQ,0.674,0.583,1,-6.078,0.0347,0.145,1.65e-06,0.232,0.598,94.972,184667
"September 4, 2022 at 02:03AM",Making Me Nervous,Hala,6GQjL1ShIyojWGx46oN1mo,https://open.spotify.com/track/6GQjL1ShIyojWGx46oN1mo,spotify:track:6GQjL1ShIyojWGx46oN1mo,0.77,0.535,3,-9.528,0.0638,0.199,3.66e-05,0.0858,0.753,153.914,193175
"September 4, 2022 at 02:05AM",La Girl,the booyah! kids,4dv526VBLbxcV6bg315lcb,https://open.spotify.com/track/4dv526VBLbxcV6bg315lcb,spotify:track:4dv526VBLbxcV6bg315lcb,0.569,0.595,6,-11.102,0.0696,0.277,0.0148,0.277,0.744,90.012,151361
"September 4, 2022 at 02:09AM",Might Might Not,Sure Sure,3bm4F6lQWj9twJmk5cHgPG,https://open.spotify.com/track/3bm4F6lQWj9twJmk5cHgPG,spotify:track:3bm4F6lQWj9twJmk5cHgPG,0.778,0.538,9,-7.849,0.0534,0.367,0.302,0.141,0.912,121.987,194773
"September 4, 2022 at 02:12AM",Egodeath,Waldo Witt,4AvbdQO87ehD583XGXjXN8,https://open.spotify.com/track/4AvbdQO87ehD583XGXjXN8,spotify:track:4AvbdQO87ehD583XGXjXN8,0.68,0.799,9,-6.571,0.0503,0.0551,1.37e-06,0.147,0.721,116.195,183653
"September 4, 2022 at 02:15AM",Doublin' Up,Okey Dokey,68syRihVbx1HfpBVTx9f6N,https://open.spotify.com/track/68syRihVbx1HfpBVTx9f6N,spotify:track:68syRihVbx1HfpBVTx9f6N,0.605,0.63,2,-5.438,0.0267,0.155,2.99e-05,0.0954,0.792,85.337,205846
"September 4, 2022 at 02:20AM",Brain Abroad,Cousin Kula,438KohZeI9ZCeNU99wfQ8v,https://open.spotify.com/track/438KohZeI9ZCeNU99wfQ8v,spotify:track:438KohZeI9ZCeNU99wfQ8v,0.564,0.454,11,-8.218,0.0296,0.383,0.00175,0.0938,0.354,137.118,278971
"September 4, 2022 at 02:23AM",Light on the Moon,Camp Howard,2QB43rWH7CWaunxGQ5XTUc,https://open.spotify.com/track/2QB43rWH7CWaunxGQ5XTUc,spotify:track:2QB43rWH7CWaunxGQ5XTUc,0.29,0.71,6,-8.004,0.0406,0.0722,0.00511,0.226,0.303,160.207,223853
"September 4, 2022 at 02:27AM",Normal Now,Limón Limón,5dGopNcjGv5pfMkUaizzUv,https://open.spotify.com/track/5dGopNcjGv5pfMkUaizzUv,spotify:track:5dGopNcjGv5pfMkUaizzUv,0.682,0.715,6,-8.019,0.0481,0.0331,0.189,0.0861,0.836,160.031,215881
"September 4, 2022 at 02:31AM",Conversations,Exit 27,3oavXZM4R43h61LOaL21Ff,https://open.spotify.com/track/3oavXZM4R43h61LOaL21Ff,spotify:track:3oavXZM4R43h61LOaL21Ff,0.665,0.767,0,-6.794,0.0371,0.179,0.151,0.373,0.689,112.074,256537
"September 4, 2022 at 02:35AM",Enough,Dad Bod,2yAlEL6HQg8tbZ7vRio4Rc,https://open.spotify.com/track/2yAlEL6HQg8tbZ7vRio4Rc,spotify:track:2yAlEL6HQg8tbZ7vRio4Rc,0.692,0.475,9,-7.469,0.0413,0.103,0.0028,0.0828,0.145,119.864,212000
"September 4, 2022 at 02:39AM",Million Air,Speelburg,4cYseoncRHTWcAZsZlmJS7,https://open.spotify.com/track/4cYseoncRHTWcAZsZlmJS7,spotify:track:4cYseoncRHTWcAZsZlmJS7,0.743,0.374,5,-7.601,0.0452,0.479,0.0528,0.313,0.413,77.0,255909
"September 4, 2022 at 02:42AM",What's It Like?,Sure Sure,4BmxmpDirl9pVF9NuQVwXk,https://open.spotify.com/track/4BmxmpDirl9pVF9NuQVwXk,spotify:track:4BmxmpDirl9pVF9NuQVwXk,0.863,0.376,9,-7.782,0.0497,0.00231,0.076,0.0763,0.889,121.16,194853
"September 4, 2022 at 02:46AM",She Wants to See You Cry,Nature TV,3REso3eKtF8pGZWlFOuxre,https://open.spotify.com/track/3REso3eKtF8pGZWlFOuxre,spotify:track:3REso3eKtF8pGZWlFOuxre,0.701,0.725,11,-6.277,0.0305,0.0691,0.00432,0.301,0.889,119.873,221067
"September 4, 2022 at 02:49AM","If I Die, I Don't Mind",Gold Spectacles,78TX81ZcbPbjR1qXZ2BMwu,https://open.spotify.com/track/78TX81ZcbPbjR1qXZ2BMwu,spotify:track:78TX81ZcbPbjR1qXZ2BMwu,0.896,0.713,8,-7.207,0.057,0.168,0.000523,0.194,0.793,133.03,193195
"September 4, 2022 at 02:53AM",Rainbows,Bochek,6FGI0rHNeWbLsI1uv7RjFI,https://open.spotify.com/track/6FGI0rHNeWbLsI1uv7RjFI,spotify:track:6FGI0rHNeWbLsI1uv7RjFI,0.585,0.673,4,-5.812,0.0361,0.00269,0.0393,0.272,0.576,130.087,197010
"September 4, 2022 at 02:56AM",Don’t Delete Me,shy kids,3Mxq3NQ0pZnPZgpIp2IPqs,https://open.spotify.com/track/3Mxq3NQ0pZnPZgpIp2IPqs,spotify:track:3Mxq3NQ0pZnPZgpIp2IPqs,0.487,0.537,1,-7.425,0.167,0.169,0.0,0.0745,0.499,171.935,192558
"September 4, 2022 at 02:59AM",Stay with Me,Abc Dialect,1HOtBxFpB8GpVYmDatHVLY,https://open.spotify.com/track/1HOtBxFpB8GpVYmDatHVLY,spotify:track:1HOtBxFpB8GpVYmDatHVLY,0.637,0.621,9,-8.52,0.0411,0.121,0.0188,0.0842,0.963,95.908,203051
"September 4, 2022 at 03:03AM","Bang, Bang",Cheerleader,6Z8YghjDN19jWlRRtlL2AV,https://open.spotify.com/track/6Z8YghjDN19jWlRRtlL2AV,spotify:track:6Z8YghjDN19jWlRRtlL2AV,0.546,0.869,2,-2.839,0.0441,0.22,0.00424,0.284,0.685,131.973,233293
"September 4, 2022 at 03:06AM","Let's Jam, Girl",New Islands,3zSUVwdnWlp5A4GG9fyX1t,https://open.spotify.com/track/3zSUVwdnWlp5A4GG9fyX1t,spotify:track:3zSUVwdnWlp5A4GG9fyX1t,0.835,0.463,5,-11.127,0.0338,0.505,0.0116,0.0588,0.915,129.314,166972
"September 4, 2022 at 03:09AM",On the Low,Nick Dorian,6MvXhJa5IejBC5YoqiiLLB,https://open.spotify.com/track/6MvXhJa5IejBC5YoqiiLLB,spotify:track:6MvXhJa5IejBC5YoqiiLLB,0.858,0.42,6,-11.057,0.0438,0.123,0.559,0.185,0.697,103.001,193400
"September 4, 2022 at 03:14AM",That Buzz,Goldwash,0jgOWbVs0JSmfU0xrYSabw,https://open.spotify.com/track/0jgOWbVs0JSmfU0xrYSabw,spotify:track:0jgOWbVs0JSmfU0xrYSabw,0.866,0.288,10,-9.574,0.0587,0.549,6.42e-05,0.117,0.578,137.99,270546
"September 4, 2022 at 03:17AM",Clarity,Early Eyes,2JbCwqzzPOdJU0bbEOgxid,https://open.spotify.com/track/2JbCwqzzPOdJU0bbEOgxid,spotify:track:2JbCwqzzPOdJU0bbEOgxid,0.825,0.487,11,-6.62,0.0379,0.302,0.0014,0.112,0.605,169.998,188979
"September 4, 2022 at 03:20AM",Primetime,Huck,1Ha3VITg5Ct2ELIkg7fU2R,https://open.spotify.com/track/1Ha3VITg5Ct2ELIkg7fU2R,spotify:track:1Ha3VITg5Ct2ELIkg7fU2R,0.69,0.463,0,-11.586,0.0667,0.261,0.000184,0.338,0.693,77.995,163077
"September 4, 2022 at 03:23AM",Strange Times,Leisure Club,52kTdXruDuSnWFdgUiIvTq,https://open.spotify.com/track/52kTdXruDuSnWFdgUiIvTq,spotify:track:52kTdXruDuSnWFdgUiIvTq,0.456,0.871,7,-5.834,0.065,0.164,0.0608,0.095,0.274,143.044,193148
"September 4, 2022 at 03:26AM",New Moon,wwoman,5uJQevJ22qj8oQiPPhA7XU,https://open.spotify.com/track/5uJQevJ22qj8oQiPPhA7XU,spotify:track:5uJQevJ22qj8oQiPPhA7XU,0.768,0.661,5,-9.53,0.0436,0.248,0.428,0.214,0.963,110.01,208480
"September 4, 2022 at 03:29AM",don't tlk,toast,2NK8ACcKh7aB0hZ4ksMQ2j,https://open.spotify.com/track/2NK8ACcKh7aB0hZ4ksMQ2j,spotify:track:2NK8ACcKh7aB0hZ4ksMQ2j,0.575,0.865,9,-7.289,0.0396,0.000376,0.622,0.534,0.96,129.993,170077
"September 4, 2022 at 03:32AM",Let's Pretend,Sinqa,6J1EqQ3ItDs8Ryekz79SAK,https://open.spotify.com/track/6J1EqQ3ItDs8Ryekz79SAK,spotify:track:6J1EqQ3ItDs8Ryekz79SAK,0.871,0.576,1,-10.31,0.213,0.0289,1.29e-06,0.1,0.853,91.452,164009
"September 4, 2022 at 03:35AM",For Too Long,Jeff Draco,37t5Fvr6VmQdjUDrahc76P,https://open.spotify.com/track/37t5Fvr6VmQdjUDrahc76P,spotify:track:37t5Fvr6VmQdjUDrahc76P,0.595,0.79,11,-8.167,0.0968,0.0495,0.00928,0.0805,0.756,89.974,190170
"September 4, 2022 at 03:38AM",Do You Like It?,Tungz,11ed59ZS1gPHKwgR0LB6fW,https://open.spotify.com/track/11ed59ZS1gPHKwgR0LB6fW,spotify:track:11ed59ZS1gPHKwgR0LB6fW,0.711,0.648,0,-8.579,0.0432,0.0381,5.57e-06,0.0662,0.763,104.045,198982
"September 4, 2022 at 03:41AM",I Can't!,mmmonika,7Hc4jMa01bO5UKGuOGgBU1,https://open.spotify.com/track/7Hc4jMa01bO5UKGuOGgBU1,spotify:track:7Hc4jMa01bO5UKGuOGgBU1,0.707,0.709,8,-8.135,0.0959,0.0834,0.0473,0.12,0.56,150.005,185600
"September 4, 2022 at 03:45AM",Saigon,Argonaut & Wasp,2QEehJ6B2bbmlb5Aa8hzRc,https://open.spotify.com/track/2QEehJ6B2bbmlb5Aa8hzRc,spotify:track:2QEehJ6B2bbmlb5Aa8hzRc,0.735,0.818,9,-5.35,0.0461,0.0013,0.000188,0.165,0.963,130.015,215840
"September 4, 2022 at 03:49AM",I'm Enough,Early Eyes,0lYpiiF54UaSERSOsMGBgx,https://open.spotify.com/track/0lYpiiF54UaSERSOsMGBgx,spotify:track:0lYpiiF54UaSERSOsMGBgx,0.762,0.695,4,-4.263,0.0358,0.0479,0.0556,0.155,0.529,134.985,210653
"September 4, 2022 at 03:52AM",In My Blood,Motel Radio,7k4vaemd7VxmddN7jgZAoZ,https://open.spotify.com/track/7k4vaemd7VxmddN7jgZAoZ,spotify:track:7k4vaemd7VxmddN7jgZAoZ,0.569,0.797,4,-6.378,0.0322,0.0356,0.00529,0.333,0.69,132.567,207788
"September 4, 2022 at 03:56AM",Bizness,Dead Swells,6WduGBRrmA0e45c61trfdl,https://open.spotify.com/track/6WduGBRrmA0e45c61trfdl,spotify:track:6WduGBRrmA0e45c61trfdl,0.715,0.633,5,-8.026,0.0291,0.069,0.00153,0.103,0.692,107.011,230636
"September 4, 2022 at 03:59AM",You Are Now on Fire,Slow Hollows,2BvQOZ0gTo1mUxsBYjo6QD,https://open.spotify.com/track/2BvQOZ0gTo1mUxsBYjo6QD,spotify:track:2BvQOZ0gTo1mUxsBYjo6QD,0.778,0.602,8,-7.292,0.0396,0.0959,0.0864,0.111,0.666,115.961,183931
"September 4, 2022 at 04:03AM",Loosen Up,Loneborn,6RQ2TdRcVoo1tv3Q3LJ5Tb,https://open.spotify.com/track/6RQ2TdRcVoo1tv3Q3LJ5Tb,spotify:track:6RQ2TdRcVoo1tv3Q3LJ5Tb,0.711,0.709,0,-6.615,0.0263,0.0761,0.0076,0.134,0.791,100.02,240000
"September 4, 2022 at 04:06AM",Chains,Spendtime Palace,5ZaNOtW8qLBPEMsF7LvaUH,https://open.spotify.com/track/5ZaNOtW8qLBPEMsF7LvaUH,spotify:track:5ZaNOtW8qLBPEMsF7LvaUH,0.72,0.353,5,-13.909,0.0524,0.711,0.578,0.11,0.58,119.983,201967
"September 4, 2022 at 04:10AM",Post Grad,Modern Diet,7CJn0QRqr5jgzW42K5E4FZ,https://open.spotify.com/track/7CJn0QRqr5jgzW42K5E4FZ,spotify:track:7CJn0QRqr5jgzW42K5E4FZ,0.661,0.667,11,-5.661,0.0266,0.3,8.2e-06,0.43,0.536,112.006,197587
"September 4, 2022 at 04:13AM",Pennie,Gibontine,5z000WwBlKu2S0QQF3BoW9,https://open.spotify.com/track/5z000WwBlKu2S0QQF3BoW9,spotify:track:5z000WwBlKu2S0QQF3BoW9,0.721,0.551,6,-11.676,0.0347,0.0254,0.0,0.104,0.478,110.044,180545
"September 4, 2022 at 04:16AM",Side Eye,Nature TV,7GcBcgN3zA0hNGyFr0Laxt,https://open.spotify.com/track/7GcBcgN3zA0hNGyFr0Laxt,spotify:track:7GcBcgN3zA0hNGyFr0Laxt,0.561,0.919,8,-5.436,0.0611,0.0133,0.0,0.0991,0.942,163.864,228822
"September 4, 2022 at 04:20AM",If I Had To,Langva,0EgZKGSH0oQgNLOEWsFGOI,https://open.spotify.com/track/0EgZKGSH0oQgNLOEWsFGOI,spotify:track:0EgZKGSH0oQgNLOEWsFGOI,0.589,0.571,7,-8.178,0.0391,0.316,0.000425,0.238,0.617,104.877,194347
"September 4, 2022 at 04:23AM",Moving Parts,Julien Chang,4WrU5X70A0oAaYa42MrAKr,https://open.spotify.com/track/4WrU5X70A0oAaYa42MrAKr,spotify:track:4WrU5X70A0oAaYa42MrAKr,0.585,0.679,10,-10.507,0.0364,0.188,0.0601,0.134,0.607,106.008,175170
"September 4, 2022 at 04:26AM",Familiar Ways,Mute Choir,2wN5LBTOtDac4HpEiDbvvm,https://open.spotify.com/track/2wN5LBTOtDac4HpEiDbvvm,spotify:track:2wN5LBTOtDac4HpEiDbvvm,0.743,0.722,1,-7.373,0.0329,0.0508,0.000328,0.097,0.921,119.994,202295
"September 4, 2022 at 04:28AM",Blueshell,Aisle 5,758V4qQ1s2Z785j8mc0b4u,https://open.spotify.com/track/758V4qQ1s2Z785j8mc0b4u,spotify:track:758V4qQ1s2Z785j8mc0b4u,0.712,0.68,0,-6.255,0.0567,0.116,0.00331,0.0991,0.852,82.371,144000
"September 4, 2022 at 04:31AM",Ocean Drive,Sera Selin,0MRwMWGuL69exX9RINX2ah,https://open.spotify.com/track/0MRwMWGuL69exX9RINX2ah,spotify:track:0MRwMWGuL69exX9RINX2ah,0.701,0.465,2,-9.481,0.027,0.45,0.00971,0.219,0.743,100.019,174575
"September 4, 2022 at 04:35AM",Tropic of Cancer,Minor Poet,6BTbRJni9FnII0RIEgXNp9,https://open.spotify.com/track/6BTbRJni9FnII0RIEgXNp9,spotify:track:6BTbRJni9FnII0RIEgXNp9,0.552,0.698,2,-8.16,0.0299,0.00142,0.0,0.428,0.711,104.961,221293
"September 4, 2022 at 04:38AM",Oh Man,Paper Thieves,2t2BDE1CWFfpjusqg6h1lc,https://open.spotify.com/track/2t2BDE1CWFfpjusqg6h1lc,spotify:track:2t2BDE1CWFfpjusqg6h1lc,0.738,0.47,11,-8.868,0.0531,0.315,0.249,0.141,0.66,88.024,182636
"September 4, 2022 at 10:19AM",Lose U,Ruble,4Kzuydl1zL1XrM93z9dzxQ,https://open.spotify.com/track/4Kzuydl1zL1XrM93z9dzxQ,spotify:track:4Kzuydl1zL1XrM93z9dzxQ,0.674,0.583,1,-6.078,0.0347,0.145,1.65e-06,0.232,0.598,94.972,184667
"September 4, 2022 at 10:24AM",La Girl,the booyah! kids,4dv526VBLbxcV6bg315lcb,https://open.spotify.com/track/4dv526VBLbxcV6bg315lcb,spotify:track:4dv526VBLbxcV6bg315lcb,0.569,0.595,6,-11.102,0.0696,0.277,0.0148,0.277,0.744,90.012,151361
"September 4, 2022 at 10:27AM",Might Might Not,Sure Sure,3bm4F6lQWj9twJmk5cHgPG,https://open.spotify.com/track/3bm4F6lQWj9twJmk5cHgPG,spotify:track:3bm4F6lQWj9twJmk5cHgPG,0.778,0.538,9,-7.849,0.0534,0.367,0.302,0.141,0.912,121.987,194773
